FRA;Vendôme 
FRA;Angoulême 
FRA;Anjou 
FRA;Châtellerault 
FRA;Berry 
FRA;Bourbonnais
FRA;Châtellerault 
FRA;Guise 
FRA;Auvergne 
FRA;Châtellerault 
FRA;Nivernais 
FRA;Montpensier 
FRA;Orléans
FRA;Angoulême
FRA;Châtellerault 
FRA;Aumale 
FRA;Montmorency 
FRA;Albret 
FRA;Alençon
FRA;Château-Thierry 
FRA;Penthièvre 
FRA;Evreux 
FRA;Uzès 
FRA;Mayenne 
FRA;Mercoeur 
FRA;Saint-Fargeau 
FRA;Touraine 
FRA;Joyeuse 
FRA;Epernon 
FRA;Rethelois 
FRA;Piney 
FRA;Retz 
FRA;Elbeuf 
FRA;Hallwin 
FRA;Montbazon 
FRA;Ventadour 
FRA;Beaufort 
FRA;Biron 
FRA;Thouars 
FRA;Auguillon 
FRA;Rohan 
FRA;Béthune-Sully 
FRA;Fronsac 
FRA;Montpensier 
FRA;Damville 
FRA;Hallwin 
FRA;Châteauroux 
FRA;Luynes 
FRA;Lesdiguières 
FRA;Brissac 
FRA;Bellegarde 
FRA;Chaulnes 
FRA;Chartres 
FRA;Chevreuse 
FRA;Valois 
FRA;Richelieu 
FRA;La Valette 
FRA;La Rochefoucauld 
FRA;Montmorency 
FRA;Puylaurens 
FRA;Saint-Simon 
FRA;La Force 
FRA;Valentinois 
FRA;Villars-Brancas 
FRA;Verneuil 
FRA;Estrées 
FRA;Gramont 
FRA;La Meilleraye 
FRA;Mazarini
FRA;Rethelois 
FRA;Villeroy 
FRA;Mortemart 
FRA;Poix 
FRA;Saint-Aignan 
FRA;Randan 
FRA;La Rocheguyon 
FRA;Tresmes 
FRA;Noailles 
FRA;Coislin 
FRA;Montausier 
FRA;Aumont 
FRA;La Ferté-Senneterre 
FRA;Choiseul 
FRA;La Vallière 
FRA;Nemours 
FRA;Béthune-Charost 
FRA;Saint-Cloud 
FRA;Damville 
FRA;Montpensier 
FRA;Aumale 
FRA;Penthièvre 
FRA;Châteauvillain 
FRA;Guise 
FRA;Boufflers 
FRA;Villars 
FRA;Harcourt 
FRA;Fitz-James 
FRA;Antin 
FRA;Rambouillet 
FRA;Chaulnes 
FRA;Joyeuse 
FRA;Hostun 
FRA;Valentinois 
FRA;Roannais 
FRA;Villars-Brancas 
FRA;Lévis 
FRA;La Vallière 
FRA;Mercoeur 
FRA;Fleury 
FRA;Châtillon 
FRA;Châteauroux 
FRA;Gisors
FRA;Belle-Isle 
FRA;Duras 
FRA;La Vauguyon 
FRA;Choiseul-Stainville 
FRA;Praslin 
FRA;Choiseul d'Amboise 
FRA;Clermont-Tonnerre 
FRA;Aubigny
FRA;Louvois 
FRA;Brunoy 
FRA;Amboise 
FRA;Choiseul 
FRA;Coigny
SPA;Abrantes
SPA;Aguilar de Campos
SPA;Aguilar de Inestrillas
SPA;Alagón
SPA;Alba de Liste
SPA;Alba deTormes
SPA;Albayda
SPA;Albudeyte
SPA;Alburquerque
SPA;la Alcudia
SPA;Alcudia
SPA;Aliaga
SPA;Almenara Alta
SPA;Almodóvar
SPA;Almodóvar del Rio
SPA;Amalfi
SPA;Andria
SPA;Arco
SPA;Arcos
SPA;Arienzo
SPA;Arion
SPA;Asalto
SPA;Atares
SPA;Aveyro
SPA;Ayerbe
SPA;Baena
SPA;Balazote
SPA;Baños
SPA;Barboles
SPA;Bedmar
SPA;Bejar
SPA;Belmonte Ventimiglia
SPA;Benameji
SPA;Bendaña
SPA;Benemejis de Sistallo
SPA;Bornos
SPA;el Bosch de Ares
SPA;Bournonville
SPA;Cabra
SPA;Caceres
SPA;Camastra
SPA;Campo Alange
SPA;Campo Real
SPA;Canillejas
SPA;la Cañada
SPA;Cardona
SPA;Casa-Ferrandel
SPA;Casa Galindo
SPA;Casa Irujo
SPA;Casa de Rubianes
SPA;Castel-Moncayo
SPA;Castelar
SPA;Casteldosrius
SPA;Castellvel
SPA;Castiglione
SPA;el Castillo
SPA;Castrillo
SPA;Castromonte
SPA;Cea
SPA;Cerralbo
SPA;Ciudad Rodrigo
SPA;Clarafuente
SPA;Colomera
SPA;Corvera
SPA;la Corzano
SPA;Croy
SPA;Egmont
SPA;Elda
SPA;Eril
SPA;Escalona
SPA;España
SPA;Estepa
SPA;Estremera
SPA;Ezpeleta de Veir
SPA;Feria
SPA;Fernan-Nuñez
SPA;Fernandina
SPA;Floridablanca
SPA;Francavilla
SPA;Fuenclara
SPA;Galisteo
SPA;Gand
SPA;Gavia
SPA;Glimes
SPA;Gor
SPA;Gramosa
SPA;Granada de Ega
SPA;Grande de Espana
SPA;Guadalcázar
SPA;Guadiana
SPA;Guaqui
SPA;Huescar
SPA;Humanes
SPA;Infantado
SPA;Irache
SPA;Laconi
SPA;Laurenzana
SPA;Lecera
SPA;Lede
SPA;Lerma
SPA;Linares
SPA;Losada
SPA;Lozoya
SPA;Lucera
SPA;Luna
SPA;Maceda
SPA;Malferit
SPA;Mandas y Villanueva
SPA;Maqueda
SPA;Medina-Sidonia
SPA;Medina de las Torres
SPA;Medinaceli
SPA;Miranda
SPA;Miranda del Castañar
SPA;Mirto
SPA;Misa
SPA;Mollina
SPA;Mondejar
SPA;Monforte
SPA;Monreal
SPA;Montalto
SPA;Montealegre
SPA;Montellano
SPA;Montemar
SPA;Montenegro
SPA;Morella
SPA;Mortara
SPA;Mos
SPA;Murillo
SPA;Najera
SPA;Narros
SPA;Nemi
SPA;Noblejar
SPA;Nochera
SPA;Oñate
SPA;Osuna
SPA;Oyra
SPA;Palata
SPA;Palizzi
SPA;Parcent
SPA;Pastrana
SPA;Peñaflor
SPA;Peñaranda de Duero
SPA;Peralada
SPA;Perales del Rio
SPA;Pescara
SPA;Pinohermoso
SPA;Plasencia
SPA;Popoli
SPA;Portago
SPA;Priego
SPA;Puebla de los Infantes
SPA;Puebla del Maestre
SPA;Puñonrostro
SPA;Quintanar
SPA;Rafal
SPA;la Rambla
SPA;el Real
SPA;Revilla Gigedo
SPA;Ripperda
SPA;el Riscal
SPA;Rivas
SPA;Rodezno
SPA;la Romana
SPA;Salandra
SPA;el Salar
SPA;Salvatierra de Alava
SPA;San Adrian
SPA;San Carlos
SPA;San Felices
SPA;San Fernando
SPA;San Fernando-Luis
SPA;San Fernando de Quiroga
SPA;San Juan
SPA;San Juan de Piedras Albas
SPA;San Lorenzo de Villahermoso
SPA;San Miguel
SPA;San Nicandro
SPA;San Pedro Galatino
SPA;San Vicente
SPA;Santa Coloma
SPA;Santa Cruz
SPA;Santangelo
SPA;Santillana
SPA;Santisteban del Puerto
SPA;Santo Buono
SPA;Santoña
SPA;Sastago
SPA;Segorbe
SPA;Sentmenat
SPA;Sessa
SPA;Sevillano
SPA;los Soidos
SPA;Solferino
SPA;Sotomayor
SPA;Superunda
SPA;T'Serclaes
SPA;Terranova
SPA;Toreno
SPA;Torre-Arias
SPA;Torrejón
SPA;Torrella
SPA;las Torres
SPA;las Torres de la Pressa
SPA;Trani
SPA;Uceda
SPA;Valdeolmos
SPA;Valparaiso
SPA;Vallecerrato
SPA;el Vasto
SPA;Velada
SPA;Vellisca
SPA;Veragua
SPA;Vergara
SPA;Via-Manuel
SPA;Villadarias
SPA;Villafranca
SPA;Villafranqueza
SPA;Villagonzalo
SPA;Villahermosa
SPA;Villamagna
SPA;Villanueva
SPA;Villapanes
SPA;Vitonton
SPA;Zaragosa
SPA;Zumalcarregui
ENG;Devon
ENG;Arundel
ENG;Northumberland
ENG;Shrewsbury
ENG;Surrey
ENG;Derby
ENG;Worcester
ENG;Rutland
ENG;Hertford
ENG;Bedford
ENG;Wiltshire
ENG;Pembrooke
ENG;Lincoln
ENG;Suffolk
ENG;Exeter
ENG;Salisbury
ENG;Montgomery
ENG;Northampton
ENG;Devonshire
ENG;Denbigh
ENG;Westmorland
ENG;Manchester
ENG;Berkshire
ENG;Lindsey
ENG;Stamford
ENG;Winchilsea
ENG;Sunderland
ENG;Norfolk
ENG;Sandwich
ENG;Essex
ENG;Cardigan
ENG;Carlisle
ENG;Doncaster
ENG;Arlington
ENG;Shaftesbury
ENG;Euston
ENG;March
ENG;Burford
ENG;Nottingham
ENG;Abingdon
ENG;Marlborough
ENG;Portland
ENG;Scarborough
ENG;Albemarle
ENG;Coventry
ENG;Jersey
ENG;Cholmondeley
ENG;Beauchamp
ENG;Hereford
ENG;Cranborne
ENG;Mandeville
ENG;Grandison
ENG;Feilding
ENG;Andover
ENG;Maidstone
ENG;Hinchingbrooke
ENG;Malden
ENG;Howard
ENG;Thetford
ENG;Ipswich
ENG;Townshend
ENG;Weymouth
ENG;Woodstock
ENG;Dartford
ENG;Bury
ENG;Deerhurst
ENG;Malpas
ENG;De Ros
ENG;Le Despencer
ENG;Mowbray
ENG;Furnival
ENG;Hastings
ENG;Fauconberg
ENG;Segrave
ENG;FitzWalter
ENG;Clinton
ENG;De La Warr
ENG;Alnwick
ENG;De Clifford
ENG;Knokin
ENG;Botecourt
ENG;Haryngworth
ENG;Beaumont
ENG;Blackmere
ENG;Cobham
ENG;Audley
ENG;Willoughby
ENG;Strabolgi
ENG;Dacre
ENG;Ruthin
ENG;Maltravers
ENG;Talbot
ENG;Darcy
ENG;Poynings
ENG;Botreaux
ENG;Cromwell
ENG;Camoys
ENG;Codnor
ENG;Berkeley
ENG;Hungerford
ENG;Latymer
ENG;Dudley
ENG;De Moleyns
ENG;Saye
ENG;Sele
ENG;Stourton
ENG;Bergavenny
ENG;Berners
ENG;Stanley
ENG;Chepstow
ENG;Raglan
ENG;Gower
ENG;de Brooke
ENG;Ragland
ENG;Conyers
ENG;Herbert
ENG;Harrowden
ENG;Braye
ENG;Stanwell
ENG;Wentworth
ENG;Burgh
ENG;Chenies
ENG;Wharton
ENG;Seymour
ENG;Beaudesert
ENG;Cardiff
ENG;North
ENG;Effingham
ENG;Bletso
ENG;Basing
ENG;Burghley
ENG;De La Warr
ENG;Norreys
ENG;Walden
ENG;Essendon
ENG;Groby
ENG;Petre
ENG;Thornhaugh
ENG;Spencer
ENG;Wormleighton
ENG;Russel
ENG;Cavendish
ENG;Hardwick
ENG;Shurland
ENG;Clifton
ENG;Leighton
ENG;Bromswold
ENG;Dormer
ENG;Teynham
ENG;Montagu
ENG;Kimbolton
ENG;Feilding
ENG;Newnham
ENG;Paddox
ENG;Brooke
ENG;Beauchamps
ENG;Charlton
ENG;Burgersh
ENG;FitzAlan
ENG;Clun
ENG;Oswaldstree
ENG;Brudenell
ENG;Strange
ENG;Stafford
ENG;Capell
ENG;Hadham
ENG;Byron
ENG;Ward
ENG;Birmingham
ENG;Montagu
ENG;St. Neotts
ENG;Lynn
ENG;Regis
ENG;Dacre
ENG;Gillesland
ENG;Scott
ENG;Tynedale
ENG;Lucas
ENG;Crudwell
ENG;St. Liz
ENG;Arlington
ENG;Craven
ENG;Hamstead
ENG;Marshall
ENG;Arlington
ENG;Chudleigh
ENG;Cooper
ENG;Paulett
ENG;Sudbury
ENG;Finch
ENG;Daventry
ENG;Settrington
ENG;Heddington
ENG;Manners
ENG;Haddon
ENG;Lumley
ENG;Thynne
ENG;Guilford
ENG;Churchill
ENG;Sundridge
ENG;Waldegrave
ENG;Chewton
ENG;Cirencester
ENG;Cholmondeley
ENG;Namptwich
ENG;Howland
ENG;Streatham
ENG;Ashford
ENG;Barnard
ENG;Guernsey
ENG;Gower
ENG;Sittenham
ENG;Conway
ENG;Ragley
ENG;Hervey
ENG;Ickworth
TUR;Giray
TUR;Devlet
TUR;Huseyin
TUR;Beyazid
TUR;Harun
TUR;Oruc
TUR;Abdulhamit
TUR;Levend
TUR;Silhataroglu
TUR;Hasan
TUR;Fazil
TUR;Sait
TUR;Cevat
TUR;Halim
TUR;Galip
TUR;Bahadir
TUR;Sevket
TUR;Merzifonlu
TUR;Enver
TUR;Talat
TUR;Ismail
TUR;Kamil
TUR;Cengiz
TUR;Ali
TUR;Adnan
TUR;Mehmet
TUR;Abdullah
TUR;Salih
TUR;Tarik
TUR;Rahman
TUR;Mustafa
TUR;Murat
TUR;Saffet
TUR;Mahmut
TUR;Yusuf
TUR;Kazim
TUR;Iskender
TUR;Yavuz
TUR;Serhat
TUR;Ahmet
TUR;Yunus
TUR;Hayrettin
TUR;Kilic
TUR;Ozdemir
TUR;Yigit
TUR;Tahsin
TUR;Cuneyt
TUR;Aybars
TUR;Ziya
TUR;Sinan
TUR;Muhammed
TUR;Melik
TUR;Alparslan
TUR;Fuat
TUR;Kardzali
TUR;Sumer
TUR;Abdulaziz
TUR;Yasin
TUR;Yusuf
TUR;Aziz
TUR;Karim
TUR;Israf
TUR;Asruf
TUR;Omer
TUR;Ismail
TUR;Yaser
TUR;Turgut
TUR;Selim
TUR;Cemil
TUR;Eren
TUR;Halid
TUR;Bulent
TUR;Rahman
TUR;Kadir
TUR;Kemal
TUR;Kerim
TUR;Rum
TUR;Nasir
TUR;Muhtar
TUR;Veli
TUR;Abdulkerim
TUR;Iskand
TUR;Fahri
TUR;Dursun
TUR;Bakri
TUR;Karim
TUR;Israf
TUR;Halit
TUR;Asruf
TUR;Orhan
TUR;Ismail
TUR;Yasser
TUR;Turgut
TUR;Selim
TUR;Abdulrahman
TUR;Abdulbaki
TUR;Selahaddin
TUR;Alaaddin
TUR;Rahmi
TUR;Tevfik
TUR;Abdulhalik
TUR;Cenabettin
TUR;Sahabeddin
TUR;Ramazan
TUR;Bayram
TUR;Rami
TUR;Mecid
TUR;Kasim
TUR;Esref
TUR;Mithat
TUR;Resit
TUR;Saban
HOL;Van Stabel
HOL;Piet
HOL;Botha
HOL;Geerit
HOL;Costers
HOL;Karstens
HOL;Van der Does
HOL;Hebenal
HOL;Arnhem
HOL;Van Spilbergen
HOL;Helder
HOL;Texel
HOL;Friesen
HOL;Geelvinck
HOL;Jansz
HOL;Bieldeers
HOL;Smuts
HOL;Fliesingen
HOL;Nijmegen
HOL;Opdorf
HOL;Oldenbarneveld
HOL;De Witt
HOL;Brielle
HOL;Zwijndrecht
HOL;Spijkenise
HOL;Schouwen
HOL;Goes
HOL;Waalwijck
HOL;Valkenswaard
HOL;Limburg
HOL;Maastricht
HOL;Genk
HOL;Heerlen
HOL;Venray
HOL;Olderzaal
HOL;Twente
HOL;Lemmer
HOL;Nijkerk
HOL;Kampen
HOL;Zwolle
HOL;Coevorden
HOL;Lauwers
HOL;Dokkum
HOL;Ameland
HOL;Den Burg
HOL;Enkhuizen
HOL;Middenmeer
HOL;Bolsward
HOL;Meppel
HOL;Schoonebeck
HOL;Veendam
HOL;Scholtecheren
HOL;Appingedam
HOL;Vroom
HOL;Driesman
HOL;Kortenaer
HOL;Van Hessling
HOL;Van Den Dorp
HOL;Poszt
HOL;Coemans
HOL;Hendryck
HOL;Gulder
HOL;Kortrijk
HOL;Venloo
HOL;Utrecht
HOL;Blokker
HOL;Heineken
HOL;Cornelis
HOL;Zoetermeer
HOL;Volendam
HOL;Hilversum
HOL;Neuwegen
HOL;Culemborg
HOL;Elst
HOL;Amersfoort
HOL;Elten Leur
HOL;Gouda
HOL;Leyden
HOL;Haag
HOL;Philipps
HOL;Eindhoven
HOL;Breda
HOL;Van Wick
HOL;Amstel
HOL;Zuiderzee
HOL;Willem
HOL;Deodati
HOL;Dordrecht
HOL;Middleburg
HOL;Sluis
HOL;Woerden
HOL;Drenthe
HOL;Groningen
HOL;Overijssel
HOL;Heertognebosh
HOL;Haarlem
HOL;Zandwort
HOL;Scheveningen
HOL;Schiedam
HOL;Terchelling
HOL;Van Oranje-Nassau
HOL;Harpertz
HOL;Eysbergen
HOL;Vingh
HOL;Van Aduard
HOL;Pallandt
HOL;Van Dorth
HOL;Haersolte
HOL;Rechteren
HOL;Van Glabbeek
HOL;Amman
HOL;Van Der Linge
HOL;Van Den Clooster
HOL;Speelman
HOL;Bentinck tot Diepenheim
HOL;Honyck Van Papendrecht
HOL;de Gadelierre
HOL;Doys
HOL;Rabenhaupt
HOL;Van der Noot
HOL;Van der Duyn
HOL;Hoeufft van Oyen
HOL;Bylandt
HOL;Van der Hoop
HOL;Van Heeckeren
HOL;Van Saksen-Gotha
HOL;De Schepper
HOL;Van Dam
HOL;Wilcke
HOL;Lochman
HOL;Drymborn
HOL;Buys
HOL;Broekhuijsen
HOL;Randwijck
HOL;Maleprade
HOL;Leusden
HOL;Huchtenbroek
HOL;Becker
HOL;Ruysch
HOL;Casembroot
HOL;Cannenburg
HOL;Althuysen
HOL;Lamoraal
HOL;Glinstra
HOL;Van Lijnden
HOL;Geelinck
HOL;Van Verschuer
HOL;Onderwater
HOL;Neef
HOL;Keppel
HOL;Wilderick
HOL;Mooser
HOL;Petersen
HOL;Sommelsdijk
HOL;Van Mourik
HOL;Stedman
HOL;d'Hauw
HOL;Van Hulstein
HOL;Twent
HOL;Colthoff
HOL;Simmons
HOL;De Eerens
HOL;van Aremberg
HOL;Kuijek
HOL;Van Ommeren
HOL;Wynands
HOL;Gunebosch
HOL;Westenberg
HOL;Singendonck
HOL;De Jongh
HOL;Byleveld
HOL;Ditmers
HOL;Van Thielen
HOL;Van Molz Wieling
HOL;Bagelaar
HOL;Brade
HOL;Tripp
HOL;Coenegracht
HOL;Van Merlen
HOL;Bereel
HOL;Petter
HOL;Geij Van Pittius
HOL;Van Els
HOL;Jonckheere
HOL;Taets van Amerongen
HOL;Huffel
HOL;Smissaers
HOL;Lindtman
RUS;Dolgoruki
RUS;Chafirov
RUS;Basmanov
RUS;Rasianowsky
RUS;Berelowitch
RUS;Yagujiinski
RUS;Kurbatov
RUS;Golovkine
RUS;Iurev
RUS;Avanessov
RUS;Platonov
RUS;Pojarski
RUS;Kuzma
RUS;Lapunov
RUS;Trubetskoi
RUS;Zarutski
RUS;Golytsin
RUS;Chuiski
RUS;Mstislavski
RUS;Bolotnikov
RUS;Feodor
RUS;Piotr
RUS;Pokrowski
RUS;Wipper
RUS;Slitte
RUS;Torjok
RUS;Kline
RUS;Adachev
RUS;Vorontski
RUS;Sviajsk
RUS;Belski
RUS;Glinski
RUS;Moskwitianine
RUS;Semenov
RUS;Kafelnikov
RUS;Radek
RUS;Leopoldonov
RUS;Razumovski
RUS;Chuvalov
RUS;Vorontsov
RUS;Holstein-Gottorp
RUS;Anhalt-Zerbst
RUS;Ochakov
RUS;Panin
RUS;Karpovitch
RUS;Simbirsk
RUS;Gkjatsk
RUS;Tatichev
RUS;Chterbatov
RUS;Psochkov
RUS;Bobrov
RUS;Karpenski
RUS;Suvorin
RUS;Abramovich
RUS;Raskolniki
RUS;Prokofievich
RUS;Bezukov
RUS;Grigorievich
RUS;Ramasovski
RUS;Preobajenski
RUS;Upenskoi
RUS;Charmilles
RUS;Karpenko
RUS;Wladimir
RUS;Yeremenko
RUS;Charpak
RUS;Kirilenko
RUS;Kostov
RUS;Yeremenko
RUS;Jukov
RUS;Rotislav
RUS;Iasenov
RUS;Lytkharin
RUS;Vnukov
RUS;Peredelnikov
RUS;Kama
RUS;Lipetsk
RUS;Kotlas
RUS;Pskov
RUS;Kirov
RUS;Ipatiev
RUS;Pawlosk
RUS;Gomel
RUS;Briansk
RUS;Iaroslaw
RUS;Iwanovo
RUS;Tcherbatov
RUS;Sangar
RUS;Bulba
RUS;Boda‹bo
RUS;Kotchev
RUS;Bereznik
RUS;Ustinov
RUS;Okhotsk
RUS;Sverdlovsk
RUS;Berezov
RUS;Vilkitski
RUS;Faddeiev
RUS;de Long
POR;de Suza
POR;Rosas
POR;Alegre
POR;Covilha
POR;Affomso
POR;Martim
POR;Mascarhenas
POR;De Abreu
POR;Magallaes
POR;Sagres
POR;Cao
POR;Malemo
POR;Texeira
POR;De Mota
POR;Da Cunha
POR;Santarem
POR;Escovar
POR;Alvarez
POR;Coutinho
POR;Sequeira
POR;Ribeiro
POR;Serrao
POR;Da Sa
POR;Funchal
POR;Braganza
POR;Oporto
POR;Alves
POR;Campos
POR;Lisboa
POR;Vasqueira
POR;Sampaio
POR;Correlano
POR;Noronha
POR;De Bahia
POR;Algarve
POR;Alcacovas
POR;Mina
POR;Tago
POR;Torres
POR;Beja
POR;Olhao
POR;Elvas
POR;Portalegre
POR;Abrantes
POR;Setubal
POR;Castelo Branco
POR;Guarda
POR;Leira
POR;Sintra
POR;Liama
POR;Gerez
POR;Braga
POR;Chaves
POR;Tamega
POR;Dos Montres
POR;Guimaraes
POR;Villa Real
POR;Zezere
POR;Ossa
POR;Estremos
POR;Tejo
POR;Tomar
POR;Mamede
POR;Tavira
POR;Faro
POR;Caldeirao
POR;Sado
POR;Monchique
POR;Ribatejo
POR;Roca
POR;Carvoeiro
POR;Estrala
POR;Preto
POR;Caxias
POR;Vitoria
POR;Niteroi
POR;Dos Santos
POR;Santana
POR;Caravelas
POR;Goiania
POR;Monte Claros
POR;Paraiba
POR;Marajo
POR;Crato
POR;Teofilo
POR;Campinha
POR;Sobral
POR;Maranhao
POR;Belem
POR;Macao
POR;Altamira
POR;Gojas
POR;Sao Luis
POR;Pinhel
POR;Coimbra
POR;Aveiro
POR;Figueira
POR;Lamego
POR;Viseu
POR;Sabor
POR;Acevedo
POR;Alburquerque
POR;Almeida
POR;Amaral
POR;Andrade
POR;Arruda
POR;Baptista
POR;Barao
POR;Barbeiro
POR;Bettencourt
POR;Botelho
POR;Braga
POR;Cabral
POR;Caldeira
POR;Cardoso
POR;Cardoza
POR;Carvalho
POR;Coelho
POR;Cordeiro
POR;Corriera
POR;Costa
POR;Cunha
POR;da Costa
POR;da Lomba
POR;da Luz
POR;da Ponte
POR;da Rosa
POR;da Silva
POR;da Silveira
POR;de Freitas
POR;de Medeiros
POR;de Melo
POR;de Pina
POR;de Sousa
POR;Dias
POR;Dos Reis
POR;Faria
POR;Fernandes
POR;Ferreira
POR;Fonseca
POR;Fontes
POR;Freitas
POR;Gomes
POR;Goncalves
POR;Henriques
POR;Leitao
POR;Leite
POR;Lima
POR;Lopes
POR;Machado
POR;Marques
POR;Martins
POR;Mateus
POR;Medeiros
POR;Melo
POR;Mendes
POR;Monteiro
POR;Montes
POR;Nascimento
POR;Neves
POR;Nunes
POR;Oliveira
POR;Paiva
POR;Periera
POR;Pimental
POR;Pina
POR;Pires
POR;Ponte
POR;Ramos
POR;Raposa
POR;Rebello
POR;Reis
POR;Rodrigues
POR;Santos
POR;Silva
POR;Silveira
POR;Simao
POR;Soares
POR;Sousa
POR;Souza
POR;Tente
POR;Vieira
POR;Vincente
POR;Viveiros
HAB;Linge
HAB;Boroevitch
HAB;Dankl
HAB;Gerd
HAB;Trent
HAB;Bolzen
HAB;Schaffen
HAB;Steiner
HAB;Reico
HAB;Lienz
HAB;Salzburg
HAB;Bad Ischl
HAB;Leuthen
HAB;Böhmen
HAB;Mödling
HAB;Stuhleck
HAB;Amstetten
HAB;Waidhofen
HAB;Gmunden
HAB;Tegern
HAB;Mond
HAB;Inzell
HAB;Hallein
HAB;Kirchberg
HAB;Karwendel
HAB;Mariazell
HAB;Sankt Pälten
HAB;Linz
HAB;Wels
HAB;Ried
HAB;Pfilstein
HAB;Krems
HAB;Stockerau
HAB;Brönn
HAB;Karlsbad
HAB;Waldenburg
HAB;Karlstadt
HAB;Raba
HAB;Zistersdorf
HAB;Könnsteig
HAB;Mayer
HAB;Traun
HAB;Melk
HAB;Kapfenberg
HAB;Graz
HAB;Olmötz
HAB;Klagenfurt
HAB;Spitach
HAB;Wachau
HAB;Donau
HAB;Steyr
HAB;Hausruck
HAB;Haus
HAB;Karfeld
HAB;Brieg
HAB;Moravia
HAB;Reinz
HAB;Braunau
HAB;Neusiedl
HAB;Eisen
HAB;Scober
HAB;Schrüder
HAB;Salzkammer
HAB;Bornow
HAB;Ramsberg
HAB;Tisza
HAB;Dachstein
HAB;Presburg
HAB;Leoben
HAB;Sachsenburg
HAB;Monfalcone
HAB;Gürlitz
HAB;Herman
HAB;Klausenburg
HAB;Von Stark
HAB;Alt Wardein
HAB;Jögersdorf
HAB;Felsheim
HAB;Mack
HAB;Johan
HAB;Max
HAB;Allenstein
HAB;Buda
HAB;Villach
HAB;Kitzbühl
HAB;Zell
HAB;Karenski
HAB;Landeck
HAB;Feldkirch
HAB;Bregenz
HAB;Kufstein
HAB;Pisek
HAB;Pilsen
HAB;Strakonice
HAB;Kolin
HAB;Zatec
HAB;Horty
HAB;Madek
HAB;Gyür
HAB;Gottwald
HAB;Regensberg
HAB;Babenberg
HAB;Zahringen
VEN;Loredano
VEN;Grimani
VEN;Gritti
VEN;Lando
VEN;Priuli
VEN;Trevisano
VEN;Ruzzini
VEN;Foscarini
VEN;Memmo
VEN;Bembo
VEN;Contarini
VEN;Cornaro
VEN;Erizzo
VEN;Molini
VEN;Pesaro
VEN;Valieri
VEN;Flangini
VEN;Zustiniani
VEN;Magno
VEN;Dolfin
VEN;Emo
VEN;Toscani
VEN;Pezzini
VEN;De Blazio
VEN;Mantova
VEN;Brescia
VEN;Garda
VEN;Mestre
VEN;Trieste
VEN;Zara
VEN;Raguse
VEN;Fiume
VEN;Anconna
VEN;Vittorio
VEN;Cassandro
VEN;Corfini
VEN;Giustani
VEN;Ermelli
VEN;Barilla
VEN;San Paulo
VEN;Alvise
VEN;Bassano
VEN;Schio
VEN;Casanova
VEN;Pordenone
VEN;Ferrara
VEN;Treviso
VEN;Rovigo
VEN;Adria
VEN;Commachio
VEN;Chiogga
VEN;Modigliano
VEN;Rovereto
VEN;Bardolino
VEN;Friuli
VEN;Belfuno
VEN;Di Castrozza
VEN;Tolmezzo
VEN;Pontebba
VEN;Feltre
VEN;Trento
VEN;Udine
VEN;Piave
VEN;Gorizia
VEN;Ponte Vechio
VEN;Lido
VEN;Vicenza
VEN;Grado
VEN;Isonzo
VEN;Lignano
VEN;Belluno
VEN;Pramaggiore
VEN;Abano
VEN;Ferme
VEN;Livenza
VEN;Tagliamento
VEN;Meduna
VEN;Legnago
VEN;Tartaro
VEN;Brenta
VEN;Panaro
VEN;Agno
VEN;Mincio
VEN;Castiglione
VEN;Latisana
VEN;Lissa
VEN;Corleone
VEN;Iseo
VEN;Gardone
VEN;Giudica
VEN;Idro
VEN;Oglio
VEN;Sugaina
VEN;Serio
VEN;Cremona
VEN;Argenta
VEN;Cento
VEN;Padova
VEN;Monfalcone
VEN;Verona
SWE;Adlercreutz
SWE;Adlersparre
SWE;Alkmaar
SWE;Anckarström
SWE;Bagge
SWE;Bielke
SWE;Bonde
SWE;Cronstedt
SWE;Dahlbergh
SWE;Deventer
SWE;Dufwasson
SWE;Ehrenstrahl
SWE;Ehrensvärd
SWE;Ekasson
SWE;Flemming
SWE;Gathenheilm
SWE;Grip
SWE;Gustavsson
SWE;Gyllenheilm
SWE;Hahn
SWE;Hastfer
SWE;Hjärne
SWE;Horn
SWE;Hård
SWE;Jägerhorn
SWE;Klingspor
SWE;Leijonhufvud
SWE;Lewenhaupt
SWE;Liljencrantz
SWE;Lindschöld
SWE;Mannerheim
SWE;Palmstruch
SWE;Piper
SWE;Prinz
SWE;Ribbing
SWE;Sandels
SWE;Scheffer
SWE;Skytte
SWE;Stenbock
SWE;Stiernhielm
SWE;Sture
SWE;Svarthandske
SWE;Svantesson
SWE;Tolle
SWE;Vaasa
SWE;Wachtmeister
SWE;Wallenberg
SWE;Wittstock
SWE;von Aschberg
SWE;von Fersen
SWE;von Krafft
SWE;Åkerhielm
NOR;Alvsson
NOR;Barfot
NOR;Birkebein
NOR;Bjarkøy
NOR;Bjelke
NOR;Blodsvein
NOR;Blodsverd
NOR;Blodøks
NOR;Bolt
NOR;Einarsson
NOR;Eindridisson
NOR;Eiriksson
NOR;Erlendsson
NOR;Festing
NOR;Galle
NOR;Geirsson
NOR;Geirstadalv
NOR;Giske
NOR;Gråtopp
NOR;Hafthorsson
NOR;Haraldsson
NOR;Hardaknut
NOR;Hardbolt
NOR;Heidumharr
NOR;Hudfat
NOR;Håkonsson
NOR;Ingebriktsson
NOR;Jarl
NOR;Jarlsbane
NOR;Jonsson
NOR;Juel
NOR;Knutsson
NOR;Kongsbror
NOR;Kongsfrende
NOR;Kvite-Olaf
NOR;Kyrre
NOR;Larsson
NOR;Losna
NOR;Losnagård
NOR;Magnusson
NOR;Nesheim
NOR;Nordmann
NOR;Olavsson
NOR;Prestehater
NOR;Ragnarsson
NOR;Rauda-Eirik
NOR;Sigurdsbane
NOR;Sigurdsson
NOR;Sjursson
NOR;Skakke
NOR;Storm
NOR;Svarte-Halfdan
NOR;Sveinsson
NOR;Svifte
NOR;Tordenskjold
NOR;Trondsnes
NOR;Trondsson
NOR;Ulfsbane
NOR;Valen
NOR;Vik
NOR;Vindskjold
NOR;Øysteinsson
DAN;Tønder
DAN;Von Schleswig
DAN;Von Holstein
DAN;Sørensen
DAN;Rodby
DAN;Lingby
DAN;Elseneur
DAN;Hansen
DAN;Ejby
DAN;Christiansen
DAN;Jensen
DAN;Eriksen
DAN;Povlsen
DAN;Kvist
DAN;Pedersen
DAN;Løvenskiold
DAN;Lund
DAN;Liljeholm
DAN;Vang
DAN;Smidt
DAN;Fasting
DAN;Hegelsen
DAN;Oldrup
DAN;Skjerbæk
DAN;Ravning
DAN;Hartmann
DAN;Stenbæk
DAN;Falkenberg
DAN;Wammen
DAN;Krarup
DAN;Kirkegaard
DAN;Binderup
DAN;Østergaard
DAN;Gyldenløve
DAN;Rosenkrantz
DAN;Æbeltoft
DAN;Bjærregaard
DAN;Ebbesen
PRU;Alvensleben
PRU;Anhalt
PRU;Anhalt-Dessau
PRU;Anhalt-Köthen
PRU;Arnim
PRU;Baden
PRU;Bayern
PRU;Below
PRU;Bentheim
PRU;Berger
PRU;Bismarck
PRU;Blanckensee
PRU;Blumenthal
PRU;Bonin
PRU;Borcke
PRU;Bornstedt
PRU;Borstell
PRU;Brandenburg
PRU;Brandenburg-Schwedt
PRU;Brandenstein
PRU;Brauchitsch
PRU;Braunschweig
PRU;Braunschweig-Lüneburg
PRU;Bredow
PRU;Buddenbrock
PRU;Bülow
PRU;Czettritz
PRU;Dewitz
PRU;Dohna
PRU;Dönhoff
PRU;Frankenberg
PRU;Gayl
PRU;Gersdorff
PRU;Gilsa
PRU;Goetze
PRU;Goltz
PRU;Graevenitz
PRU;Groeben
PRU;Hagen
PRU;Hake
PRU;Hartmann
PRU;Hertzberg
PRU;Hessen
PRU;Hessen-Kassel
PRU;Heyden
PRU;Hiller
PRU;Hirschfeld
PRU;Hoffmann
PRU;Hohenlohe
PRU;Hohenzollern
PRU;Holleben
PRU;Horn
PRU;Hülsen
PRU;Kalckreuth
PRU;Kameke
PRU;Katte
PRU;Kleist
PRU;Knobelsdorff
PRU;Knobloch
PRU;Krafft
PRU;Krosigk
PRU;Larisch
PRU;Legat
PRU;Lüderitz
PRU;Lützow
PRU;Lyncker
PRU;Manstein
PRU;Marschall
PRU;Marwitz
PRU;Massow
PRU;Mecklenburg
PRU;Müller
PRU;Natzmer
PRU;Neumann
PRU;Osten
PRU;Österreich
PRU;Pannwitz
PRU;Pfuel
PRU;Pirch
PRU;Platen
PRU;Ploetz
PRU;Podewils
PRU;Preußen
PRU;Prittwitz
PRU;Puttkamer
PRU;Rauch
PRU;Reitzenstein
PRU;Reuß
PRU;Roeder
PRU;Rohr
PRU;Rosenberg
PRU;Rußland
PRU;Sachsen
PRU;Sachsen-Altenburg
PRU;Schack
PRU;Schlegel
PRU;Schleswig-Holstein
PRU;Schmettau
PRU;Schmidt
PRU;Schoeler
PRU;Schöning
PRU;Schulenburg
PRU;Schulz
PRU;Schwarzburg
PRU;Schwerin
PRU;Solms
PRU;Solms-Braunfels
PRU;Sommerfeld
PRU;Stein
PRU;Strantz
PRU;Stülpnagel
PRU;Stutterheim
PRU;Sydow
PRU;Thile
PRU;Tresckow
PRU;Trotha
PRU;Truchseß v. Waldburg
PRU;Waldow
PRU;Wangenheim
PRU;Wartensleben
PRU;Wedel
PRU;Werder
PRU;Winterfeldt
PRU;Witzleben
PRU;Woyna
PRU;Württemberg
PRU;Wylich
PRU;Zastrow
PRU;Zieten
PRU;Zimmermann
BRA;Alvensleben
BRA;Anhalt
BRA;Anhalt-Dessau
BRA;Anhalt-Köthen
BRA;Arnim
BRA;Baden
BRA;Bayern
BRA;Below
BRA;Bentheim
BRA;Berger
BRA;Bismarck
BRA;Blanckensee
BRA;Blumenthal
BRA;Bonin
BRA;Borcke
BRA;Bornstedt
BRA;Borstell
BRA;Brandenburg
BRA;Brandenburg-Schwedt
BRA;Brandenstein
BRA;Brauchitsch
BRA;Braunschweig
BRA;Braunschweig-Lüneburg
BRA;Bredow
BRA;Buddenbrock
BRA;Bülow
BRA;Czettritz
BRA;Dewitz
BRA;Dohna
BRA;Dönhoff
BRA;Frankenberg
BRA;Gayl
BRA;Gersdorff
BRA;Gilsa
BRA;Goetze
BRA;Goltz
BRA;Graevenitz
BRA;Groeben
BRA;Hagen
BRA;Hake
BRA;Hartmann
BRA;Hertzberg
BRA;Hessen
BRA;Hessen-Kassel
BRA;Heyden
BRA;Hiller
BRA;Hirschfeld
BRA;Hoffmann
BRA;Hohenlohe
BRA;Hohenzollern
BRA;Holleben
BRA;Horn
BRA;Hülsen
BRA;Kalckreuth
BRA;Kameke
BRA;Katte
BRA;Kleist
BRA;Knobelsdorff
BRA;Knobloch
BRA;Krafft
BRA;Krosigk
BRA;Larisch
BRA;Legat
BRA;Lüderitz
BRA;Lützow
BRA;Lyncker
BRA;Manstein
BRA;Marschall
BRA;Marwitz
BRA;Massow
BRA;Mecklenburg
BRA;Müller
BRA;Natzmer
BRA;Neumann
BRA;Osten
BRA;Österreich
BRA;Pannwitz
BRA;Pfuel
BRA;Pirch
BRA;Platen
BRA;Ploetz
BRA;Podewils
BRA;Preußen
BRA;Prittwitz
BRA;Puttkamer
BRA;Rauch
BRA;Reitzenstein
BRA;Reuß
BRA;Roeder
BRA;Rohr
BRA;Rosenberg
BRA;Rußland
BRA;Sachsen
BRA;Sachsen-Altenburg
BRA;Schack
BRA;Schlegel
BRA;Schleswig-Holstein
BRA;Schmettau
BRA;Schmidt
BRA;Schoeler
BRA;Schöning
BRA;Schulenburg
BRA;Schulz
BRA;Schwarzburg
BRA;Schwerin
BRA;Solms
BRA;Solms-Braunfels
BRA;Sommerfeld
BRA;Stein
BRA;Strantz
BRA;Stülpnagel
BRA;Stutterheim
BRA;Sydow
BRA;Thile
BRA;Tresckow
BRA;Trotha
BRA;Truchseß v. Waldburg
BRA;Waldow
BRA;Wangenheim
BRA;Wartensleben
BRA;Wedel
BRA;Werder
BRA;Winterfeldt
BRA;Witzleben
BRA;Woyna
BRA;Württemberg
BRA;Wylich
BRA;Zastrow
BRA;Zieten
BRA;Zimmermann
SCO;Abercrombie
SCO;Abernethy
SCO;Agnew
SCO;Anderson
SCO;Arbuthnott
SCO;Armstrong
SCO;Baillie
SCO;Baird
SCO;Barclay
SCO;Barker
SCO;Bell
SCO;Bisset
SCO;Blackstock
SCO;Blair
SCO;Borthwick
SCO;Bower
SCO;Boyd
SCO;Brodie
SCO;Browne
SCO;Bruce
SCO;Buchan
SCO;Buchanan
SCO;Burnett
SCO;Cameron
SCO;Campbell
SCO;Carmichael
SCO;Carnegie
SCO;Cathcart
SCO;Chattan
SCO;Chisolm
SCO;Clarke
SCO;Clergy
SCO;Cochrane
SCO;Colquhoun
SCO;Colville
SCO;Cumming
SCO;Cooper
SCO;Craig
SCO;Cranstoun
SCO;Crawford
SCO;Cunning
SCO;Cunningham, 
SCO;Dalrymple
SCO;Dalziel
SCO;Davidson
SCO;Donnachaidh
SCO;Douglas
SCO;Drummond
SCO;Dunbar
SCO;Duncan
SCO;Dunlop
SCO;Elliott
SCO;Erskine
SCO;Farquharson
SCO;Ferguson
SCO;Fleming
SCO;Fletcher
SCO;Forbes
SCO;Forrester
SCO;Forsyth
SCO;Fraser
SCO;Galbraith
SCO;Gillespie
SCO;Gordon
SCO;Gow
SCO;Graham
SCO;Grant
SCO;Gray
SCO;Gunn
SCO;Guthrie
SCO;Haig
SCO;Hall
SCO;Hamilton
SCO;Haxton
SCO;Hay
SCO;Henderson
SCO;Home
SCO;Hope
SCO;Hunter 
SCO;Innes
SCO;Irvine
SCO;Johnstone
SCO;Keith
SCO;Kennedy
SCO;Kerr
SCO;Kincaid
SCO;Kirkpatrick
SCO;Knight
SCO;Laing
SCO;Lamont
SCO;Leask
SCO;Lennox
SCO;Leslie
SCO;Lindsay
SCO;Little
SCO;Livingstone
SCO;Lockhart
SCO;Logan
SCO;Lumsden
SCO;MacAlister
SCO;MacAlpine
SCO;MacAndrew
SCO;MacArthur
SCO;MacAulay
SCO;MacBain
SCO;MacBeth
SCO;MacCallum
SCO;MacColl
SCO;MacCulloch
SCO;MacDonald
SCO;MacDonell
SCO;MacDougall
SCO;MacDowell
SCO;MacDuff
SCO;MacEwen
SCO;MacFadyen
SCO;MacFarlane
SCO;MacGill
SCO;MacGillivray
SCO;MacGregor
SCO;MacIain
SCO;MacInnes
SCO;MacIntyre
SCO;MacIver
SCO;MacKay
SCO;MacKellar
SCO;MacKenzie
SCO;MacKinley
SCO;MacKinnon
SCO;MacKintosh
SCO;MacLachlan
SCO;MacLaine
SCO;MacLaren
SCO;MacLean
SCO;MacLellan
SCO;MacLennan
SCO;MacLeod
SCO;MacLoughlin
SCO;MacMillan
SCO;MacNab
SCO;MacNaghten
SCO;MacNeill
SCO;MacNicol
SCO;MacPhail
SCO;MacPhee
SCO;MacPherson
SCO;MacQuarrie
SCO;MacQueen
SCO;MacRae
SCO;MacTavish
SCO;MacThomas
SCO;Maitland
SCO;Malcolm
SCO;Mar
SCO;Matheson
SCO;Maxwell
SCO;McCurdy
SCO;McWilliam
SCO;Melville
SCO;Menzies
SCO;Mitchell
SCO;Moffat
SCO;Montgomery
SCO;Morrison
SCO;Mowat
SCO;Muir
SCO;Munro
SCO;Murray
SCO;Napier
SCO;Nicolson
SCO;Nisbet
SCO;Ogilvie
SCO;Paterson
SCO;Pollock
SCO;Preston
SCO;Pringle
SCO;Ramsay
SCO;Robertson
SCO;Rollo
SCO;Rose
SCO;Ross
SCO;Russell
SCO;Rutherford
SCO;Ruthven
SCO;Scott
SCO;Seaton
SCO;Shaw
SCO;Sinclair
SCO;Skene
SCO;Smith
SCO;Stuart
SCO;Sutherland
SCO;Taylor
SCO;Thompson
SCO;Turnbull
SCO;Urquhart
SCO;Wallace
SCO;Watson
SCO;Weir
SCO;Wemyss
SCO;Wilson
SCO;Wood
SCO;Young
HAN;Alten
HAN;Appuhn
HAN;Arentsschild
HAN;Baring
HAN;Becker
HAN;Beermann
HAN;Berger
HAN;Best
HAN;Bock
HAN;Borchers
HAN;Bothmer
HAN;Brandis
HAN;Braun
HAN;Brinkmann
HAN;Bülow
HAN;Busmann
HAN;Bussche
HAN;Clüver
HAN;Cumme
HAN;Dassel
HAN;Decken
HAN;Drechsel
HAN;Düring
HAN;Erytropel
HAN;Estorff
HAN;Friedrichs
HAN;Grote
HAN;Hagemann
HAN;Hamelberg
HAN;Hammerstein 
HAN;Hartmann
HAN;Hartwig
HAN;Hattorf
HAN;Hedemann
HAN;Heimburg
HAN;Heise
HAN;Hodenberg
HAN;Hugo
HAN;Jacobi
HAN;Keßler
HAN;Kielmansegge
HAN;Klenke
HAN;Koch
HAN;Köhler
HAN;Krauchenberg
HAN;Kuckuck
HAN;Kuhlmann
HAN;Kuntze
HAN;Lange
HAN;Limburg
HAN;Linsingen
HAN;Lorenz
HAN;Lösecke
HAN;Lüderitz
HAN;Ludowig
HAN;Marschalck
HAN;Meyer
HAN;Müller
HAN;Münchhausen
HAN;Münster
HAN;Oeynhausen
HAN;Oppermann
HAN;Plat
HAN;Plate
HAN;Plato
HAN;Polchau
HAN;Poten
HAN;Ramdohr
HAN;Reiche
HAN;Reinecke
HAN;Reitzenstein
HAN;Röttiger
HAN;Sander
HAN;Scharnhorst
HAN;Schaumann
HAN;Schmidt
HAN;Schneider
HAN;Schröder
HAN;Schulze
HAN;Sichart
HAN;Sode
HAN;Stolzenberg
HAN;Strube
HAN;Uslar
HAN;Völger
HAN;Wedekind
HAN;Weyhe
HAN;Wickede
HAN;Wilkens
HAN;Windheim
HAN;Wisch
HAN;Wissell
HAN;Witte
KOL;Polch
KOL;von Husen
KOL;Wanzon
KOL;Kannegießer
KOL;Friessem
KOL;Schweling
KOL;von Aich
KOL;Gülich
KOL;Weinsberg
KOL;Clarenbach
KOL;Ewan
KOL;von Schwelm
KOL;Hulsman
KOL;Borchers
KOL;Quingetty
KOL;Gaill
KOL;von Groote
KOL;Eitzing
KOL;Hogenberg
KOL;Wallraf
KOL;Schreiber
KOL;von Lechenich
HES;Kassel
HES;Münden
HES;Arnsberg
HES;Hamm
HES;Lippstadt
HES;Paderborn
HES;Bebra
HES;Fulda
HES;Eder
HES;Knyphausen
BAY;Amann
BAY;Andrian
BAY;Armansperg
BAY;Asch
BAY;Auer
BAY;Bach
BAY;Benzel
BAY;Berchem
BAY;Bernclau
BAY;Besserer
BAY;Brunnenmaier
BAY;Büllinger
BAY;Burgau
BAY;Caspers
BAY;Daumiller
BAY;Derschau
BAY;Donnersberg
BAY;Ebner
BAY;Erbach
BAY;Erlach
BAY;Esebeck
BAY;Fugger
BAY;Fürstenwärther
BAY;Gravenreuth
BAY;Griesenbeck
BAY;Gumppenberg
BAY;Gundelfinger
BAY;Guttenberg
BAY;Haake
BAY;Hafenbrädl
BAY;Hagens
BAY;Hannet
BAY;Harold
BAY;Harscher
BAY;Hautmann
BAY;Heeg
BAY;Heinrichen
BAY;Hertling
BAY;Hirschberg
BAY;Hofstetten
BAY;Hohenhausen
BAY;Horneck
BAY;Hornstein
BAY;Imhof
BAY;Janson
BAY;Kaltenthal
BAY;Karg
BAY;Kern
BAY;Kleudchen
BAY;Kreith
BAY;Künsberg
BAY;Lassberg
BAY;Leiningen
BAY;Leistner
BAY;Leoprechting
BAY;Lerchenfeld
BAY;Lilgenau
BAY;Lüneschloß
BAY;Magerl
BAY;Mailinger
BAY;Markreiter
BAY;Massenbach
BAY;Mendel
BAY;Michel
BAY;Momm
BAY;Morawitzky
BAY;Münster
BAY;Oelhafen
BAY;Ortenburg
BAY;Oswald
BAY;Otten
BAY;Pechmann
BAY;Pfetten
BAY;Pfretschner
BAY;Preysing
BAY;Rechberg
BAY;Reibeld
BAY;Reichel
BAY;Reichlin
BAY;Reichmann
BAY;Reider
BAY;Reigersberg
BAY;Reinach
BAY;Reitzenstein
BAY;Rogister
BAY;Romaier
BAY;Rummel
BAY;Satzenhofen
BAY;Sauer
BAY;Schedel
BAY;Scherer
BAY;Schintling
BAY;Schmid
BAY;Schwachheim
BAY;Seckendorf
BAY;Seiboltsdorf
BAY;Seyssel
BAY;Spaur
BAY;Spitzl
BAY;Stengel
BAY;Strommer
BAY;Stubenrauch
BAY;Tauffkirchen
BAY;Taxis
BAY;Thonus
BAY;Treuberg
BAY;Truchsess
BAY;Vallade
BAY;Verger
BAY;Vieregg
BAY;Vollkammer
BAY;Wagner
BAY;Weinbach
BAY;Widnmann
BAY;Xylander
BAY;Ysenburg
BAY;Zandt
BAY;Zech
BAY;Zintl
BAY;Zoller
WUR;Arand v.Ackerfeld
WUR;Arlt
WUR;Berrer
WUR;Camerer
WUR;Fischer
WUR;Gaisberg
WUR;Grävenitz
WUR;Gültlingen
WUR;Hörner
WUR;Hoffmann
WUR;Hügel
WUR;Kechler-Schwandorf
WUR;Knoerzer
WUR;Majer
WUR;Miller
WUR;Niethammer
WUR;Rampacher
WUR;Reinhardt
WUR;Roschmann
WUR;Ruoff
WUR;Schmidt
WUR;Schwarz
WUR;Seeger
WUR;Soden
WUR;Sonntag
WUR;Sproesser
WUR;Stetten
WUR;Vischer
WUR;Wundt
WUR;Zeppelin
BOH;Plzen
BOH;Zatec
BOH;Pardubice
BOH;Brno
BOH;Lablonec
BOH;Boleslav
BOH;Praha
BOH;Kladno
BOH;Liberec
BOH;Trutnov
HUN;Kemeny
HUN;Beleznay
HUN;Szilagyi
HUN;Rozgonyi
HUN;Csak
HUN;Lackfi
HUN;Ozorai
HUN;Garai
HUN;Borsa
HUN;Losonci
HUN;Telegdi
HUN;Dessewffy
HUN;Batthyanyi
WAL;Vlad
WAL;Calaris
WAL;Mamaia
WAL;Böszau
WAL;Pitesti
WAL;Slatina
WAL;Craiova
WAL;Calafat
WAL;Galati
MOL;Bacau
MOL;Piatra
MOL;Braila
MOL;Tiraspol
MOL;Cernauti
MOL;Kichinau
MOL;Tulcea
MOL;Sulina
MOL;Birlad
MOL;Focsani
ITA;Potenza
ITA;Bari
ITA;Tarento
ITA;Cosenza
ITA;Reggio
ITA;Benevento
ITA;Caserta
ITA;Foggia
ITA;Caltanisetta
ITA;Pescara
ITA;Avezzano
ITA;Orbetello
ITA;Terni
ITA;Gaete
ITA;Ancona
ITA;Rimini
ITA;Pesaro
ITA;Prato
ITA;Firenze
ITA;Medicis
ITA;Arezzo
ITA;Bologna
ITA;Modena
ITA;San Marino
ITA;Macerata
ITA;Barletta
ITA;Campobasso
ITA;Asco
ITA;Forli
ITA;Asti
ITA;Pinerolo
ITA;Ivrea
ITA;Sesia
ITA;Rapallo
ITA;Savona
ITA;Cosme
ITA;Pisa
ITA;Carrare
ITA;Placentia
ITA;Bergamo
ITA;Pavia
ITA;Ticino
ITA;Vercelli
ITA;Fossano
ITA;Varese
ITA;Garda
ITA;Maggiore
ITA;Sienna
ITA;Cremona
ITA;Liguria
HEI;Erfurt
HEI;Weimar
HEI;Mülhausen
HEI;Halberstadt
HEI;Güttingen
HEI;Gera
HEI;Thöringen
HEI;Plauen
HEI;Zwickau
HEI;Chemnitz
HEI;Freiberg
HEI;Cottbus
HEI;Dessau
HEI;Halle
HEI;Marburg
HEI;Darmstadt
HEI;Mainz
HEI;Ems
HEI;Saarbrücken
HEI;Heidelberg
HEI;Karlsruhe
HEI;Pforzheim
HEI;Brisgau
HEI;Stuttgart
HEI;Eschingen
HEI;Fürth
HEI;Coburg
HEI;Gotha
HEI;Kulmbach
HEI;Erlangen
HEI;Schweinfurt
HEI;Würzburg
HEI;Heilbronn
HEI;Aschaffenburg
HEI;Tübingen
HEI;Landau
HEI;Rastatt
HEI;Lahr
HEI;Bad Kreuznach
HEI;Oberstein
HEI;Rüdesheim
HEI;Siegen
HEI;Bad Godesberg
HEI;Hagen
HEI;Wuppertal
HEI;Bochum
HEI;Krefeld
HEI;Oberhausen
HEI;Aachen
HEI;Düren
MUS;Al-Rashid
MUS;Ghazi
MUS;Kairwan
MUS;Anaba
MUS;Biskra
MUS;Husein
MUS;Sharif
MUS;Al Djawf
MUS;Sana
MUS;Mukalla
MUS;Marbat
MUS;Manamah
MUS;Dammam
MUS;Queseima
MUS;Jafar
MUS;Mafra
MUS;Suwaida
MUS;Nadjaf
MUS;Nasiryah
MUS;Minya
MUS;Fayoum
MUS;Nasser
MUS;Saada
MUS;Masrur
MUS;Tuggurt
MUS;Jem
MUS;Tebessa
MUS;Batna
MUS;Zuwara
MUS;Kufra
MUS;Moktar
MUS;Idriss
MUS;Tifni
MUS;Safi
MUS;Azzer
MUS;Meknes
MUS;Wessera
MUS;Messaud
MUS;Awbari
MUS;Sebha
MUS;Zueidina
MUS;Derna
MUS;Auzu
MUS;Ennedi
MUS;Arlit
MUS;Adrar
MUS;Al-Din
MUS;Hoggar
MUS;Dakhla
MUS;Fahti
REB;Rebel
NAT;Chieftain
GRE;Ionnes
GRE;Theodorus
GRE;Stephanus
GRE;Georgius
GRE;Petrus
GRE;Paulus
GRE;Sergius
GRE;Menas
GRE;Constantinus
GRE;Theodosius
GRE;Iulianus
GRE;Leontius
GRE;Anastasius
GRE;Thomas
GRE;Andreas
GRE;Cosmas
GRE;Gregorius
GRE;Leo
GRE;Alexander
GRE;Phoebammon
GRE;Dorotheus
GRE;Elias
GRE;Marinus
GRE;Narses
GRE;Victor
GRE;Callinicus
GRE;Cyrus
GRE;Germanus
GRE;Eustathius
GRE;Michael
GRE;Zacharias
GRE;Iustinus
GRE;Nicetas
GRE;Theophylactus
GRE;Athanasius
GRE;Basilius
GRE;Comitas
GRE;Romanus
GRE;Theodotus
GRE;Anatolius
GRE;Eusebius
GRE;Felix
GRE;Isidorus
GRE;Marcellus
GRE;Marianus
GRE;Marcianus
GRE;Patricius
GRE;Strategius
GRE;Bonus
GRE;Damianus
GRE;Demetrius
GRE;Isaac
GRE;Rufinus
GRE;Theopemptus
GRE;Dioscorus
GRE;Gabriel
GRE;Iustus
GRE;Marcus
GRE;Mauricius
GRE;Procopius
GRE;Abramius
GRE;Ammonianus
GRE;Laurentius
GRE;Maximus
GRE;Phillippus
GRE;Philoxenus
GRE;Phocas
GRE;Asterius
GRE;David
GRE;Diogenes
GRE;Gennadius
GRE;Heraclius
GRE;Honorius
GRE;Iacobus
GRE;Iustinianus
GRE;Olympius
GRE;Palladius
GRE;Probus
GRE;Albinus
GRE;Antiochus
GRE;Faustus
GRE;Florentius
GRE;Ioseph
GRE;Marcellinus
GRE;Martinus
GRE;Nicolaus
GRE;Nonnus
GRE;Photius
GRE;Plato
GRE;Ptolemaeus
GRE;Rusticus
GRE;Timotheus
GRE;Valentinus
GRE;Acacius
GRE;Aemilianus
GRE;Andronicus
GRE;Areobindus
GRE;Colluthus
GRE;Cyrillus
GRE;Dionysius
GRE;Epiphanius
GRE;Gerontius
GRE;Longinus
GRE;Philagrius
GRE;Priscus
GRE;Serenus
GRE;Solomon
GRE;Symeon
GRE;Theoctistus
GRE;Theodoricus
GRE;Valerianus
GRE;Venantius
GRE;Apion
GRE;Armentarius
GRE;Asclepius
GRE;Bassus
GRE;Bonifatius
GRE;Christophorus
GRE;Demosthenes
GRE;Desiderius
GRE;Dynamius
GRE;Eutychianus
GRE;Hadrianus
GRE;Iordanes
GRE;Macedonius
GRE;Maurianus
GRE;Nicephorus
GRE;Samuel
GRE;Severus
GRE;Sisinnius
GRE;Tatianus
GRE;Taurinus
GRE;Theophanes
GRE;Theophilius
GRE;Traianus
GRE;Tribunas
GRE;Vitalius
GRE;Zemarchus
GRE;Anthemius
GRE;Archelaus
GRE;Asclepiodotus
GRE;Belisarius
GRE;Claudius
GRE;Conon
GRE;Deusdedit
GRE;Diomedes
GRE;Domitius
GRE;Ennodius
GRE;Eugenius
GRE;Eulogius
GRE;Euphemius
GRE;Flavianus
GRE;Florentinus
GRE;Hypatius
GRE;Lucinus
GRE;Macrobius
GRE;Manuel
GRE;Moschus
GRE;Olybrius
GRE;Pastor
GRE;Paulinus
GRE;Scholasticus
GRE;Sebastianus
GRE;Soterichus
GRE;Symmachus
GRE;Theodulus
GRE;Tiberius
GRE;Trolius
GRE;Tryphon
GRE;Valerius
GRE;Vasacius
GRE;Vitalianus
GRE;Zeno
GRE;Ablabius
GRE;Abundanitus
GRE;Acindynus
GRE;Agapetus
GRE;Agnellus
GRE;Ampelius
GRE;Anthimus
GRE;Aphthonius
GRE;Apollinarius
GRE;Aristomachus
GRE;Armatus
GRE;Arsaphius
GRE;Aurelianus
GRE;Bacchus
GRE;Baduaruis
GRE;Boethius
GRE;Caesarius
GRE;Calopodius
GRE;Carellus
GRE;Carinus
GRE;Comentas
GRE;Comentiolus
GRE;Daniel
GRE;Decius
GRE;Deuterius
GRE;Domnicus
GRE;Donatus
GRE;Dulcitius
GRE;Elpidius
GRE;Eudaemon
GRE;Faustinus
GRE;Florus
GRE;Fortunatus
GRE;Gallus
GRE;Gregoras
GRE;Hermongenes
GRE;Hilarius
GRE;Ianuarius
GRE;Innocentius
GRE;Iovinus
GRE;Lazarus
GRE;Magnus
GRE;Martinianus
GRE;Maurentius
GRE;Maurus
GRE;Megas
GRE;Nicetius
GRE;Nilus
GRE;Olympiodorus
GRE;Opilio
GRE;Paschalis
GRE;Petronius
GRE;Philippicus
GRE;Photinus
GRE;Pompeius
GRE;Praesentinus
GRE;Sarapion
GRE;Simplicius
GRE;Stauracius
GRE;Syagrius
GRE;Theodoracius
GRE;Theodoretus
GRE;Theogenius
GRE;Tribonianus
GRE;Tzittas
GRE;Vaanes
GRE;Vigilius
GRE;Ziper
GRE;Zoilus
GRE;Aeneas
GRE;Aetherius
GRE;Agricola
GRE;Amantius
GRE;Anatolicus
GRE;Antoninus
GRE;Antonius
GRE;Apollos
GRE;Aquila
GRE;Aristobulus
GRE;Armenius
GRE;Arsenius
GRE;Asbadus
GRE;Attalus
GRE;Auxitius
GRE;Avienus
GRE;Bacauda
GRE;Barbatus
GRE;Batzas
GRE;Beatus
GRE;Beppolenus
GRE;Bonosus
GRE;Callistus
GRE;Celsus
GRE;Charegiselus
GRE;Chilbudius
GRE;Clementinus
GRE;Comitiolus
GRE;Constantianus
GRE;Constantinianus
GRE;Constantius
GRE;Cyricus
GRE;Ddymus
GRE;Domentziolus
GRE;Domninus
GRE;Domnitziolus
GRE;Donus
GRE;Droserius
GRE;Eudoxius
GRE;Eulalius
GRE;Eulampius
GRE;Eupatarius
GRE;Euphratas
GRE;Euphronius
GRE;Eustochius
GRE;Eustratius
GRE;Euthalius
GRE;Eutolmius
GRE;Eutychius
GRE;Firminus
GRE;Francio
GRE;Fronto
GRE;Genethlius
GRE;Godilas
GRE;Helias
GRE;Helladius
GRE;Hermias
GRE;Herodianus
GRE;Himerius
GRE;Honoratus
GRE;Ionnacius
GRE;Iovivus
GRE;Irenaeus
GRE;Iulius
GRE;Marius
GRE;Marthanes
GRE;Martyrius
GRE;Maruthus
GRE;Maurinus
GRE;Maxentius
GRE;Maximianus
GRE;Maximinus
GRE;Megistus
GRE;Melminius
GRE;Menander
GRE;Menelaus
GRE;Mercurius
GRE;Musonius
GRE;Nazares
GRE;Nonnosus
GRE;Pamphilus
GRE;Pancratius
GRE;Pantagathus
GRE;Papirius
GRE;Pardus
GRE;Parthenius
GRE;Paternus
GRE;Pegarius
GRE;Pelagius
GRE;Perigenes
GRE;Petronas
GRE;Philaretus
GRE;Placidus
GRE;Plutinus
GRE;Praetextatus
GRE;Principius
GRE;Rogatus
GRE;Romulus
GRE;Rusticius
GRE;Sarapammon
GRE;Saturninus
GRE;Senuthius
GRE;Severianus
GRE;Severinus
GRE;Sittas
GRE;Smaragdus
GRE;Speciosus
GRE;Synesius
GRE;Taurus
GRE;Theocharistus
GRE;Theon
GRE;Theotimus
GRE;Trasaricus
GRE;Tribunus
GRE;Tullianus
GRE;Varazes
GRE;Venerandus
GRE;Viator
GRE;Virus
GRE;Vrbicus
GRE;Zenobius
GRE;Basileus
GRE;Zimisces
GRE;Artavasdus
GRE;Stauracius
GRE;Romanus
GRE;Argyrus
GRE;Monomachus
GRE;Stratioticus
GRE;Ducas
GRE;Diogenes
GRE;Vataces
SER;Babonic
SER;Morovic
SER;Vukcic
SER;Frankopan
SER;Zrinski
SER;Kruzevic
SER;Berislavic
SER;Rukavina
SER;Bacani
SER;Mestrovic
SER;Jurjevic
SER;Erdödy
SER;Lackovic
SER;Keglevic
SER;Suker
SER;Subic
SER;Zrinski
SER;Frankopan
SER;Berislavic
SER;Kruzic
SER;Drzic
SER;Erdody
SER;Bakac
SER;Draskovic
SER;Jurisic
SER;Palmotic
SER;Derencin
SER;Alapic
SER;Keglevic
SER;Bukovac
SER;Filipovic
SER;Jankovic
SER;Lackovic
SER;Lenkovic
SER;Rukavina
SER;Smiljanic
SER;Mandusic
SER;Gingic
SER;Postek
SER;Hracovec
SER;Drascovic
SER;Marcovic
SER;da Savere
SER;Zlataric
SER;Kaznacic
SER;Mencetic
SER;Drzic
SER;Cubranovic
SER;Vetranovic
SER;Gundulic
SER;Dauro
HAU;Berthout
HAU;Van Linden
HAU;Van Thunen
HAU;Van Rode
HAU;Van Tildonk
HAU;Van Heverlee
HAU;Van Horst
HAU;Van Landwijk
HAU;Van Molenbeek
HAU;Van Erembodegem
HAU;Van Goedsenhoven
HAU;Van Tervuren
HAU;Van Rotselaer
HAU;Boot
HAU;Van Schoonhoven
HAU;Pynnock
HAU;Van Aarschot
HAU;Van Sompele
HAU;Reusen
HAU;Van Der Straeten
HAU;Hinckaert
HAU;Van Cortenbergh
HAU;Van Gondeval
HAU;Van Vucht
HAU;Van Busleyden
HAU;Van Der Stappen
HAU;Van Den Tympel
HAU;Mulert
HAU;Zeghers
HAU;Van Wesemael
HAU;Van Gleymes
HAU;Vander Mersch
HAU;Van Asseliers
HAU;Van Brouchoven
HAU;De Cröy
HAU;Van Gossenhoven
HAU;de Berges
HAU;Van Corswarem
HAU;Van Asse
HAU;Van Bigaerden
HAU;Van Bierbeek
HAU;Van Bautersem
HAU;Van Dongelberg
HAU;de Walehain
HAU;Clutinc
HAU;Van Marle
FLA;Van Gulik
FLA;Dampierre
FLA;Nevers
FLA;Van Nieuwland
FLA;Van Oudenaarde
FLA;Van Herstal
FLA;Borluut
FLA;Deconinck
FLA;Van Leeuwergem
FLA;Van Raveschoot
FLA;Van Bellegem
FLA;Van Lichtervelde
FLA;Goethals
FLA;Van Petershem
FLA;Van Renesse
FLA;Penen
FLA;Breydel
FLA;De Coninck
FLA;De Hassenede
FLA;Van Hondschote
FLA;Van Popperode
FLA;Van Steenhuyse
FLA;Van Rijsel
FLA;Van Axel
FLA;Van Boenhem
FLA;Van Maldegem
FLA;de Wissoc
FLA;Van Gavere
FLA;Van Reinghersvliet
FLA;Van Uutkerke
FLA;Van Damme
FLA;Van Trille
FLA;Van Dale
FLA;Westerling
FLA;Ghiselinck
FLA;Van Groenenbergh
FLA;Van Praet
FLA;Van Ghemert
FLA;De Gembloux
FLA;De Tournai
FRI;Albada
FRI;Idsarba
FRI;Tjaarda
FRI;Wybranda
FRI;Ferwerda
FRI;Holwerda
FRI;Adriani
FRI;Gerbrandy
FRI;Gosses
FRI;Haukes
FRI;Rudolphi
FRI;Sybrandy
FRI;Sikkes
FRI;Wumkes
FRI;Sipkens
FRI;Deinum
FRI;Dokum
FRI;Adema
FRI;Boukema
FRI;Bartlema
FRI;Jelsma
FRI;Jessema
FRI;Dekkinga
FRI;Eisinga
FRI;Osinga
FRI;Van Aylva
FRI;Van Eysinga
FRI;De Blocq van Scheltinga
FRI;Cammingha
FRI;Sirtema van Grovestins
FRI;Van Sytzama
FRI;Van Swinderen
FRI;Van Beyma
FRI;Van Sminia
FRI;Vegelin van Claerbergen
FRI;Sixma van Heemstra
FRI;Van Harinxma thoe Slooten
FRI;Van Haersma de With
FRI;Van Andringa de Kempenaer
FRI;Thoe Schwartzenberg en Hohenlandsberg
FRI;Van Welderen Rengers
FRI;Van Lynden
FRI;Lycklama a Nijeholt
FRI;Doedingha
FRI;Bockema
FRI;Sickinga
FRI;Burmania
GEL;Van Rheden
GEL;Van Baer
GEL;Van Meurs
GEL;Van Bronckhorst
GEL;Van Den Bergh
GEL;Van Zuylen
GEL;Van Kleef
GEL;Van Egmond
GEL;Van Buren
GEL;Van Bronckhorst-Batenburg
GEL;Van Bronckhorst en Borculo
GEL;Van Solms
GEL;Van Wisch
GEL;Van Borculo
GEL;Van Ligtenberg
GEL;Van Raesfeldt
GEL;Van Rossum
GEL;Van Keppel
GEL;Van Apeltern
GEL;Van Den Dorenweert
GEL;Van Boecop
GEL;Van Homoet
GEL;Van Voorst
GEL;Van Wesenberge
GEL;Van Polanen
GEL;Van Heekeren
GEL;Van Rechteren
GEL;Van Pallandt
GEL;Van Lathum
GEL;Van Montfoort
GEL;De Groeff
GEL;Van Kerkem
GEL;Paleke
GEL;Palick
GEL;Van der Sculenborg
GEL;Smullinck
GEL;Van Swane
GEL;Van Aeswijn
GEL;Van Ulft
GEL;Van Den Loe
GEL;Van Meverden
GEL;Van Martin
GEL;Van Sevenaer
GEL;Van Wylinck
NAV;Barbo y Añués 
NAV;Beunza de Aoiz 
NAV;Esparza 
NAV;Fernández de Garayalde 
NAV;Fernández de Esquide 
NAV;Garcés de Garro 
NAV;Garín de Lazcano 
NAV;Goñi de Peralta 
NAV;Huarte de Mendicoa 
NAV;Hermoso de Mendoza y Huici 
NAV;Iñíguez de Enderica 
NAV;Ibáñez de Muruzabal 
NAV;Jiménez de Lacarra 
NAV;Luna de Berrospe 
NAV;López de Albizu 
NAV;Martínez de Berrozpe 
NAV;Martínez de Irujo 
NAV;Ochoa de Baquedano 
NAV;Octavio de Toledo 
NAV;Reta y Ongay 
NAV;Pérez de Elizalde 
NAV;Ramírez de Ezparza 
NAV;Ruíz de Zuazu 
NAV;Sáez de Larramendi 
NAV;Sagaseta de Ilurdoz 
NAV;San Cristóbal 
NAV;Sanz de Eguilaz 
NAV;Sanz de Acedo
NAV;Uriz
POL;Wiœniowiecki 
POL;Ostroróg 
POL;Krasinski 
POL;Kalinowski 
POL;Lubomirski 
POL;Potocki 
POL;Sahajdaczny 
POL;Houwaldt 
POL;Malski 
POL;Oleœnicki  
POL;Lisowski 
POL;Wyhowski 
POL;Wielopolski 
POL;Struœ 
POL;Dunin 
POL;Farensbach 
POL;Lanckoroñski 
POL;Leszczyñski 
POL;Siemienowicz 
POL;Sulkowski 
POL;Kazanowski 
POL;Getkant 
POL;Korycki 
POL;Piaseczyñski 
POL;Zaæwilichowski 
POL;Mielecki 
POL;Matczyñski 
POL;Zborowski 
POL;Grodzicki 
POL;Stadnicki 
POL;Fredro 
POL;Mniszech 
POL;Bidziñski 
POL;Kmita 
POL;Przyjemski 
POL;Opacki 
POL;Zbaraski 
POL;Lacki 
POL;Sieniawski 
POL;Górka 
POL;Siciñski 
POL;Rytwiañski 
POL;Firlej 
POL;Pampowski 
POL;Herburt 
POL;Wolski 
POL;Kamieniecki 
POL;Kisiel 
POL;Pilecki 
POL;Sprowski 
POL;Myszkowski 
POL;Nowodworski 
POL;Zebrzydowski
POL;Wolodyowski
POL;Czarnkowski
POL;Wisniowiecki 
LIT;Zabrzeziñski 
LIT;Gaszto 
LIT;Dowgird 
LIT;Wolimuntowicz 
LIT;Wiacewicz 
LIT;Sakowicz 
LIT;Oœcik 
LIT;Montowtowicz 
LIT;Kontowt 
LIT;Holszañski 
LIT;Sudywojewicz 
LIT;Kojlikinowicz 
LIT;Hlebowicz 
LIT;Sanguszko 
LIT;Olechnowicz 
LIT;Chrebtowicz 
LIT;Litawor 
LIT;Massalski  
LIT;Olelkowicz
LIT;Montygierdowicz
EIR;Aherne
EIR;Aylward
EIR;Bailey
EIR;Baker
EIR;Barrett
EIR;Barry
EIR;Bennett
EIR;Boyle
EIR;Brady
EIR;Breen
EIR;Brennan
EIR;Brogan
EIR;Brophy
EIR;Browne
EIR;Burke
EIR;Burns
EIR;Butler
EIR;Butter
EIR;Byrne
EIR;Cahill
EIR;Callahan
EIR;Carey
EIR;Carmody
EIR;Carolan
EIR;Carroll
EIR;Casey
EIR;Cassidy
EIR;Cavender
EIR;Cian
EIR;Clancy
EIR;Cleary
EIR;Collins
EIR;Conlon
EIR;Conner
EIR;Connolly
EIR;Conway
EIR;Corcoran
EIR;Costello
EIR;Coughlan
EIR;Cronins
EIR;Crowley
EIR;Cullen
EIR;Curran
EIR;Currie
EIR;Curtin
EIR;Daly
EIR;Delaney
EIR;Dempsey
EIR;Dennehy
EIR;Dillon
EIR;Dinneen
EIR;Doherty
EIR;Delaney
EIR;Dolan
EIR;Donnelly
EIR;Doran
EIR;Dougherty
EIR;Dowd
EIR;Dowling
EIR;Doyle
EIR;Driscoll
EIR;Duffy
EIR;Duggan
EIR;Dunn
EIR;Dwyer
EIR;Egan
EIR;Fahy
EIR;Fanning
EIR;Farrell
EIR;Finnegan
EIR;Fitzgerald
EIR;Fitzgibbon
EIR;Fitzpatrick
EIR;Flauerty
EIR;Flanagan
EIR;Flynn
EIR;Fox
EIR;Gallagher
EIR;Gerry
EIR;Glennon
EIR;Gorman
EIR;Griffin
EIR;Hagan
EIR;Hannon
EIR;Harrington
EIR;Hayes
EIR;Hegarty
EIR;Hennessy
EIR;Hickey
EIR;Higgins
EIR;Hogan
EIR;Holden
EIR;Hurley
EIR;Irwin
EIR;Jordan
EIR;Joyce
EIR;Kavanaugh
EIR;Keane
EIR;Kearney
EIR;Keating
EIR;Kelly
EIR;Kennedy
EIR;Keogh
EIR;Kidd
EIR;Kiely
EIR;King
EIR;Laydon
EIR;Leahy
EIR;Leary
EIR;Lucas
EIR;Lynch
EIR;Madden
EIR;Magee
EIR;Maher
EIR;Malone
EIR;Maloney
EIR;Maguire
EIR;Martin
EIR;McCabe
EIR;McCann
EIR;McCarthy
EIR;McConnell
EIR;McCullogh
EIR;McDermot
EIR;McDonagh
EIR;McDonnell
EIR;McEnery
EIR;McEvoy
EIR;McGillycuddy
EIR;McGovern
EIR;McGrane
EIR;McGrath
EIR;McGuinness
EIR;McHugh
EIR;McKenna
EIR;McKeon
EIR;McLoughlin
EIR;McMahon
EIR;McManus
EIR;McNally
EIR;McNamara
EIR;McShane
EIR;Meehan
EIR;Mills
EIR;Molloy
EIR;Moloney
EIR;Monaghan
EIR;Mooney
EIR;Moran
EIR;Moriarty
EIR;Morris
EIR;Mullan
EIR;Mullin
EIR;Murphy
EIR;Nolan
EIR;O'Brien
EIR;O'Callaghan
EIR;O'Connell
EIR;O'Connor
EIR;O'Crotty
EIR;O'Donnell
EIR;O'Donoghue
EIR;O'Donovan
EIR;O'Hanlon
EIR;O'Hara
EIR;O'Keeffe
EIR;O'Mahoney
EIR;O'Murphey
EIR;O'Neill
EIR;O'Reilly
EIR;O'Rourke
EIR;O'Shea
EIR;O'Sullivan
EIR;O'Toole
EIR;Phillips
EIR;Power
EIR;Quigley
EIR;Quinn
EIR;Redmond
EIR;Regan
EIR;Reynolds
EIR;Riley
EIR;Riordan
EIR;Roberts
EIR;Roche
EIR;Ryan
EIR;Shanahan
EIR;Sheehan
EIR;Sheridan
EIR;Shields
EIR;Smith
EIR;Stafford
EIR;Sullivan
EIR;Sweeney
EIR;Talbot
EIR;Tobin
EIR;Walsh
EIR;Whelan
EIR;Wood
CAM;Abakli Tama
CAM;Abaysmail
CAM;Ablagaci
CAM;Abuzlar
CAM;Acaykat
CAM;Aciahmat
CAM;Aciatman
CAM;Acibay
CAM;Acibesir
CAM;Acibulat
CAM;Aciibram
CAM;Acikeç
CAM;Aciköy
CAM;Acilar
CAM;Adargin
CAM;Agaçeli
CAM;Agibeli
CAM;Agyar Ceren
CAM;Ahtirka
CAM;Airça
CAM;Akbas
CAM;Akçora
CAM;Akkaya
CAM;Akkobek
CAM;Akkoca
CAM;Akkoz
CAM;Akmanay
CAM;Akmelez
CAM;Akmonay
CAM;Aksakal-Merkit
CAM;Akseyh
CAM;Aksürü-Konrat
CAM;Aktaçi
CAM;Aktaci-Kiyat
CAM;Aktas
CAM;Akula
CAM;Alabas-Konrat
CAM;Alaç
CAM;Alakali
CAM;Alat
CAM;Alatay
CAM;Albat
CAM;Algazi-Konrat
CAM;Alibay
CAM;Alikeç
CAM;Alma
CAM;Alma Kermen
CAM;Alma-Tamak
CAM;Altinci-Merkit
CAM;Amansa
CAM;Angara
CAM;Antay-Içkin
CAM;Appalcanköy
CAM;Aramköy
CAM;Arançi
CAM;Arbuz
CAM;Argin
CAM;Argin Topeçik
CAM;Arginçik
CAM;Arhaderesi
CAM;Armaeli
CAM;Armansk
CAM;Aromat
CAM;Arpat
CAM;As
CAM;As Carakçi
CAM;Baksi
CAM;Barak
CAM;Barakol
CAM;Baran
CAM;Barin
CAM;Barsov
CAM;Basi
CAM;Baskirgiz
CAM;Basmak
CAM;Baybuga
CAM;Baybulus
CAM;Baydar
CAM;Baydari
CAM;Bayeli
CAM;Baygeldi
CAM;Baygoca
CAM;Baygonçik
CAM;Baykiyat
CAM;Baykogenli
CAM;Bayoglu-Kipçak
CAM;Bayonlar
CAM;Baysari
CAM;Bayut
CAM;Bazarçik
CAM;Bekeli
CAM;Bekkazi
CAM;Belbek
CAM;Berdibulat
CAM;Bereket
CAM;Besaran
CAM;Besaran Otar
CAM;Besi
CAM;Beskurtka
CAM;Best
CAM;Besterek
CAM;Besüy
CAM;Besüyeli
CAM;Besüy-Ilak
CAM;Beygazi
CAM;Beyslehem
CAM;Beysu
CAM;Bezbaylan
CAM;Biketan
CAM;Bistriçi
CAM;Biyakay
CAM;Biyasala
CAM;Biyeli
CAM;Biygazi
CAM;Biyorluk
CAM;Biysu
CAM;Boçala
CAM;Bodrak
CAM;Bogaç
CAM;Bogay
CAM;Bogemka
CAM;Bogurça
CAM;Bolekaci
CAM;Bolgartsina
CAM;Borasan
CAM;Borlak
CAM;Borlak-Tama
CAM;Borodino
CAM;Bosalak
CAM;Botas
CAM;Boz
CAM;Bozgana
CAM;Bozoglu
CAM;Brusil
CAM;Bulatçi
CAM;Bulgak
CAM;Bulganak
CAM;Bulganak-Bodrak
CAM;Bura
CAM;Burçek
CAM;Burçi
CAM;Burinçi
CAM;Burluk
CAM;Burnas
CAM;Buruça
CAM;Burulça
CAM;Burunduk
CAM;Buzav
CAM;Buzlu Canköy
CAM;Büten
CAM;Büyük Onlar
CAM;Büyükas
CAM;Cabaga
CAM;Cabanak-Takil
CAM;Cadra Borlak
CAM;Cadraseyheli
CAM;Caferberdi
CAM;Caga Kusum
CAM;Caga Mamis
CAM;Caga Seyheli
CAM;Calman
CAM;Camal
CAM;Cambuldu
CAM;Canatay
CAM;Canbaba
CAM;Cangara-Kemeltsi
CAM;Cankisek
CAM;Canköy
CAM;Cantora
CAM;Capar
CAM;Caparyurt
CAM;Carak
CAM;Carakçi-As
CAM;Carcava
CAM;Carkuyu
CAM;Cavtöbe
CAM;Çegelek
CAM;Çegene
CAM;Çegeraci
CAM;Çegoltay
CAM;Celair
CAM;Celal
CAM;Çelebieli
CAM;Çelebiler
CAM;Çelmeci
CAM;Çembay
CAM;Cemrek
CAM;Cepar
CAM;Çerkez
CAM;Çerkez Tobay
CAM;Cerkuyu
CAM;Çesmeci
CAM;Çiçe
CAM;Cilkecieli
CAM;Cimiet
CAM;Çokrak
CAM;Çokul
CAM;Çolbasi
CAM;Çongar
CAM;Çongelek
CAM;Çongurçi
CAM;Çotti
CAM;Çuça
CAM;Culga
CAM;Cuma Kisekaratuk
CAM;Cuma-Ablam
CAM;Cumaeli
CAM;Çumakari
CAM;Çurbas
CAM;Curgun
CAM;Çuyke
CAM;Cürmen
CAM;Davuteli
CAM;Degermenköy
CAM;Demerci
CAM;Deremes
CAM;Deresalin
CAM;Donuzlav
CAM;Dorte
CAM;Dulat
CAM;Durmen
CAM;Duvan
CAM;Duvanköy
CAM;Dörtkul
CAM;Dörtsakal
CAM;Efendiköy
CAM;Elbuzli
CAM;Eskenderi
CAM;Eskene
CAM;Eski Kirim
CAM;Eski Orda
CAM;Eskieli
CAM;Essen
CAM;Esseneli
CAM;Fotisala
CAM;Gacikal
CAM;Gaciköy
CAM;Gavro
CAM;Geylburun
CAM;Golümbey
CAM;Hantakuzi
CAM;Hayto
CAM;Heyrus
CAM;Hohlay
CAM;Ibraimbay
CAM;Ideseli
CAM;Inkerman
CAM;Isun
CAM;Itak
CAM;Julga
CAM;Juravli
CAM;Kaburçak
CAM;Kadiköy
CAM;Kadis
CAM;Kalançak
CAM;Kalendo
CAM;Kalimtay
CAM;Kalmukari
CAM;Kamaci
CAM;Kambar
CAM;Kamiski
CAM;Kamisli
CAM;Kamislik
CAM;Kangil
CAM;Kapçuk
CAM;Kapsihor
CAM;Kapustalik
CAM;Kara Kiyat
CAM;Kara Koca
CAM;Kara Merkit
CAM;Karabah
CAM;Karabakukis
CAM;Karabay
CAM;Karaca
CAM;Karacakat
CAM;Karacel
CAM;Kazieli
CAM;Kekeneiz
CAM;Keldibay
CAM;Kence
CAM;Kenegez
CAM;Kentugan
CAM;Kentugay
CAM;Kereit
CAM;Kerleut
CAM;Kermençik
CAM;Kerneuç
CAM;Kiçkine
CAM;Kipçak
CAM;Kirbaylar
CAM;Kiriçki
CAM;Kirimçak
CAM;Kirkbel
CAM;Kirkisun
CAM;Kisek-Aratuk
CAM;KiskaraiBüyük
CAM;Kislav
CAM;Kitay
CAM;Kiten
CAM;Kiyabak
CAM;Kiyanli
CAM;Kiyat
CAM;Kiyat-Aktaci
CAM;Kiyatorka
CAM;Kiybak
CAM;Kizavul
CAM;Kizil Çongar
CAM;Kizil Karpe
CAM;Kizil Kut
CAM;Kizil Terçek
CAM;Kizilbay
CAM;Kiziltas
CAM;Kobazi
CAM;Kobek
CAM;Kocalar
CAM;Kocelak
CAM;Koçkareli
CAM;Kocukeli
CAM;Kogenes
CAM;Kokey
CAM;Kokkozi
CAM;Kokluz
CAM;Koktas
CAM;Koktebel
CAM;Kolay
CAM;Kolimtay
CAM;Kolpak
CAM;Komzet
CAM;Konçisav
CAM;Konrat
CAM;Kontugan
CAM;Kopirliköy
CAM;Kopkari
CAM;Kop-Kipçak
CAM;Kop-Takil
CAM;Koraneli
CAM;Korbek
CAM;Kosdegirmen
CAM;Koskuyu
CAM;Kostel
CAM;Kotur
CAM;Koyas
CAM;Kozi
CAM;Kruglik
CAM;Kudaygül
CAM;Kugey
CAM;Kulçora
CAM;Kulçuk
CAM;Kulla
CAM;Kuloba
CAM;Kultamak
CAM;Kumbeteli
CAM;Kunan
CAM;Kuremes
CAM;Kurkulet
CAM;Kurtiçki
CAM;Kurtluk
CAM;Kurtsi
CAM;Kurubas
CAM;Kurulu
CAM;Kurulu-Kipçak
CAM;Kuruuzen
CAM;Kutlak
CAM;Kutuke
CAM;Küçükköy
CAM;Köyasan
CAM;Lambat
CAM;Lekkert
CAM;Lezi
CAM;Lusino
CAM;Mahuldur
CAM;Mama
CAM;Mamak
CAM;Mamasay
CAM;Mambetaci
CAM;Mamut
CAM;Mamut Sultan
CAM;Mamutbay
CAM;Mangit
CAM;Mangus
CAM;Marecan
CAM;Markur
CAM;Meçetlikitay
CAM;Melek
CAM;Mengermen
CAM;Menlerçik
CAM;Mesit
CAM;Meskeçi
CAM;Minareli Siban
CAM;Misen
CAM;Mollaeli
CAM;Monay
CAM;Muhuldur
CAM;Mullaeli
CAM;Mullalar
CAM;Muniy
CAM;Musay
CAM;Muskomya
CAM;Mussali
CAM;Nasipköy
CAM;Nasir
CAM;Nayleben
CAM;Nikita
CAM;Nogayçi-Ahmat
CAM;Nogayli-Kirk
CAM;Oçka Baylar
CAM;Oguzoglu
CAM;Onlar
CAM;Oraz
CAM;Orta Mamay
CAM;Ortaeli
CAM;Ortalan
CAM;Ortamamay
CAM;Osmançik
CAM;Otar
CAM;Otarçik
CAM;Otarköy
CAM;Otes
CAM;Oteseli
CAM;Otizi
CAM;Oybur
CAM;Oykuyu
CAM;Oylenbung
CAM;Oysul
CAM;Oysunköy
CAM;Ozenbas
CAM;Palopon
CAM;Partenit
CAM;Pasa Çokmak
CAM;Patihatka
CAM;Piçki
CAM;Sabanoba
CAM;Sabanova
CAM;Sabli
CAM;Sadir
CAM;Sadirbogay
CAM;Sahtik
CAM;Sai
CAM;Sakav
CAM;Sakul
CAM;Sali
CAM;Samav
CAM;Samay
CAM;Sarabuz
CAM;Sargil
CAM;Saribas
CAM;Saribulat
CAM;Sariçokmay
CAM;Sarisu
CAM;Sarona
CAM;Sartana
CAM;Sasik Kiyat
CAM;Savatka
CAM;Savkal
CAM;Savurçi
CAM;Saya
CAM;Seceyut
CAM;Seiteli
CAM;Selen
CAM;Semen
CAM;Setkin
CAM;Seyh Mamay
CAM;Seyhasan
CAM;Seyheli
CAM;Seyhköy
CAM;Seyhler
CAM;Seyhmamay
CAM;Seyhmonay
CAM;Seytbulat
CAM;Seyteli
CAM;Seytler
CAM;Siban
CAM;Sigim
CAM;Sirin
CAM;Skela
CAM;Skelya
CAM;Sollar
CAM;Solom Aleyhem
CAM;Soltak
CAM;Suinaci
CAM;Sukurköy
CAM;Sultanas
CAM;Sultansaray
CAM;Sumhay
CAM;Sumi
CAM;Sunak
CAM;Sunieli
CAM;Suren
CAM;Suri
CAM;Suvuksu
CAM;Süren
CAM;Süyürtas
CAM;Tabor
CAM;Tabuldi
CAM;Tabuldu-As
CAM;Taganas
CAM;Taganasmin
CAM;Tahtacami
CAM;Takil
CAM;Takil-Cabanak
CAM;Tamgaci
CAM;Tanageldi
CAM;Taraktas
CAM;Tarhan
CAM;Tarhanlar
CAM;Tarhan-Sunak
CAM;Tarpançi
CAM;Tasalçin
CAM;Taskazak-Konrat
CAM;Taskuy
CAM;Tasli Kipçak
CAM;Taslidair
CAM;Tasliyar
CAM;Tatarköy
CAM;Tatay
CAM;Tatis-Konrat
CAM;Tavbodrak
CAM;Tavdair
CAM;Tavel
CAM;Tavsanbazar
CAM;Tayguç
CAM;Taymaz
CAM;Teberti
CAM;Tegen
CAM;Teges
CAM;Teki
CAM;Telençi
CAM;Temes
CAM;Temiraga
CAM;Tensu
CAM;Terekeli
CAM;Terekli-Abas
CAM;Terekli-As
CAM;Terekli-Konrat
CAM;Terekli-Seyheli
CAM;Termençi
CAM;Tesi
CAM;Tobeçik
CAM;Tobensaray
CAM;Togay
CAM;Togayli
CAM;Togunçi
CAM;Toki
CAM;Tokluk
CAM;Tokseyh
CAM;Tokulçak
CAM;Tolbay
CAM;Tole
CAM;Tomak
CAM;Topçiköy
CAM;Topli
CAM;Totanay
CAM;Totay
CAM;Totayköy
CAM;Totman
CAM;Tovmay
CAM;Toytöbe
CAM;Tubenköy
CAM;Tuvak
CAM;Tuvatay
CAM;Tuzli
CAM;Tübiy
CAM;Tüp-Canköy
CAM;Tüp-Kenegez
CAM;Tüp-Mamay
CAM;Tüy Akçora
CAM;Ulakli
CAM;Ulaneli
CAM;Uluçokrak
CAM;Ulusala
CAM;Uluuzen
CAM;Ungut
CAM;Uppa
CAM;Urçuk
CAM;Urkusta
CAM;Urushoca
CAM;Usküt
CAM;Uzen
CAM;Uzunca
CAM;Vurun
CAM;Yagmurtsi
CAM;Yalantas
CAM;Yalimoynak
CAM;Yanco
CAM;Yanicanköy
CAM;Yanisaray
CAM;Yanis-Takil
CAM;Yanköy
CAM;Yapunca
CAM;Yarilgaç
CAM;Yaslav
CAM;Yaspek
CAM;Üçeveli
CAM;Üçeveli-Orka
CAM;Üçkuyu
CAM;Üçkuyu-Tarhan
CAM;Üçköz
CAM;Yegreeli
CAM;Yelgeri-Ablam
CAM;Yenisala
CAM;Yenisaray
CAM;Yukari Funduklu
CAM;Yukaricami
CAM;Zalanköy
CAM;Zamruk
BUL;Assen
BUL;Botev
BUL;Krustev
BUL;Petar
BUL;Dimitar
BUL;Ognyanov
BUL;Ivanov
BUL;Borisov
BUL;Simeon
BUL;Georgiev
BUL;Doulo
BUL;Samuil
BUL;Todorov
BUL;Dachev
BUL;Kralev
BUL;Radev
BUL;Nikolaev
BUL;Donev
BUL;Kostadinov
BUL;Levski
BUL;Pelev
BUL;Nenkov
BUL;Delyo
BUL;Konstantin
BUL;Frujin
BUL;Radic
BUL;Balina
BUL;Rali
BUL;Djordjic
BUL;Sorkochov
BUL;Shishman
BUL;Stratimirov
BUL;Dobrovski
BUL;Peyachev
BUL;Marinov
BUL;Strahil
BUL;Karposh
U08;Adlercreutz
U08;Adlersparre
U08;Alkmaar
U08;Anckarström
U08;Bagge
U08;Bielke
U08;Bonde
U08;Cronstedt
U08;Dahlbergh
U08;Deventer
U08;Dufwasson
U08;Ehrenstrahl
U08;Ehrensvärd
U08;Ekasson
U08;Flemming
U08;Gathenheilm
U08;Grip
U08;Gustavsson
U08;Gyllenheilm
U08;Hahn
U08;Hastfer
U08;Hjärne
U08;Horn
U08;Hård
U08;Jägerhorn
U08;Klingspor
U08;Leijonhufvud
U08;Lewenhaupt
U08;Liljencrantz
U08;Lindschöld
U08;Mannerheim
U08;Palmstruch
U08;Piper
U08;Prinz
U08;Ribbing
U08;Sandels
U08;Scheffer
U08;Skytte
U08;Stenbock
U08;Stiernhielm
U08;Sture
U08;Svarthandske
U08;Svantesson
U08;Tolle
U08;Vaasa
U08;Wachtmeister
U08;Wallenberg
U08;Wittstock
U08;von Aschberg
U08;von Fersen
U08;von Krafft
U08;Åkerhielm
U08;Alvsson
U08;Barfot
U08;Birkebein
U08;Bjarkøy
U08;Bjelke
U08;Blodsvein
U08;Blodsverd
U08;Blodøks
U08;Bolt
U08;Einarsson
U08;Eindridisson
U08;Eiriksson
U08;Erlendsson
U08;Festing
U08;Galle
U08;Geirsson
U08;Geirstadalv
U08;Giske
U08;Gråtopp
U08;Hafthorsson
U08;Haraldsson
U08;Hardaknut
U08;Hardbolt
U08;Heidumharr
U08;Hudfat
U08;Håkonsson
U08;Ingebriktsson
U08;Jarl
U08;Jarlsbane
U08;Jonsson
U08;Juel
U08;Knutsson
U08;Kongsbror
U08;Kongsfrende
U08;Kvite-Olaf
U08;Kyrre
U08;Larsson
U08;Losna
U08;Losnagård
U08;Magnusson
U08;Nesheim
U08;Nordmann
U08;Olavsson
U08;Prestehater
U08;Ragnarsson
U08;Rauda-Eirik
U08;Sigurdsbane
U08;Sigurdsson
U08;Sjursson
U08;Skakke
U08;Storm
U08;Svarte-Halfdan
U08;Sveinsson
U08;Svifte
U08;Tordenskjold
U08;Trondsnes
U08;Trondsson
U08;Ulfsbane
U08;Valen
U08;Vik
U08;Vindskjold
U08;Øysteinsson
U08;Tønder
U08;Von Schleswig
U08;Von Holstein
U08;Sørensen
U08;Rodby
U08;Lingby
U08;Elseneur
U08;Hansen
U08;Ejby
U08;Christiansen
U08;Jensen
U08;Eriksen
U08;Povlsen
U08;Kvist
U08;Pedersen
U08;Løvenskiold
U08;Lund
U08;Liljeholm
U08;Vang
U08;Smidt
U08;Fasting
U08;Hegelsen
U08;Oldrup
U08;Skjerbæk
U08;Ravning
U08;Hartmann
U08;Stenbæk
U08;Falkenberg
U08;Wammen
U08;Krarup
U08;Kirkegaard
U08;Binderup
U08;Østergaard
U08;Gyldenløve
U08;Rosenkrantz
U08;Æbeltoft
U08;Bjærregaard
U08;Ebbesen
U21;Adlercreutz
U21;Adlersparre
U21;Alkmaar
U21;Anckarström
U21;Bagge
U21;Bielke
U21;Bonde
U21;Cronstedt
U21;Dahlbergh
U21;Deventer
U21;Dufwasson
U21;Ehrenstrahl
U21;Ehrensvärd
U21;Ekasson
U21;Flemming
U21;Gathenheilm
U21;Grip
U21;Gustavsson
U21;Gyllenheilm
U21;Hahn
U21;Hastfer
U21;Hjärne
U21;Horn
U21;Hård
U21;Jägerhorn
U21;Klingspor
U21;Leijonhufvud
U21;Lewenhaupt
U21;Liljencrantz
U21;Lindschöld
U21;Mannerheim
U21;Palmstruch
U21;Piper
U21;Prinz
U21;Ribbing
U21;Sandels
U21;Scheffer
U21;Skytte
U21;Stenbock
U21;Stiernhielm
U21;Sture
U21;Svarthandske
U21;Svantesson
U21;Tolle
U21;Vaasa
U21;Wachtmeister
U21;Wallenberg
U21;Wittstock
U21;von Aschberg
U21;von Fersen
U21;von Krafft
U21;Åkerhielm
U21;Dolgoruki
U21;Chafirov
U21;Basmanov
U21;Rasianowsky
U21;Berelowitch
U21;Yagujiinski
U21;Kurbatov
U21;Golovkine
U21;Iurev
U21;Avanessov
U21;Platonov
U21;Pojarski
U21;Kuzma
U21;Lapunov
U21;Trubetskoi
U21;Zarutski
U21;Golytsin
U21;Chuiski
U21;Mstislavski
U21;Bolotnikov
U21;Feodor
U21;Piotr
U21;Pokrowski
U21;Wipper
U21;Slitte
U21;Torjok
U21;Kline
U21;Adachev
U21;Vorontski
U21;Sviajsk
U21;Belski
U21;Glinski
U21;Moskwitianine
U21;Semenov
U21;Kafelnikov
U21;Radek
U21;Leopoldonov
U21;Razumovski
U21;Chuvalov
U21;Vorontsov
U21;Holstein-Gottorp
U21;Anhalt-Zerbst
U21;Ochakov
U21;Panin
U21;Karpovitch
U21;Simbirsk
U21;Gkjatsk
U21;Tatichev
U21;Chterbatov
U21;Psochkov
U21;Bobrov
U21;Karpenski
U21;Suvorin
U21;Abramovich
U21;Raskolniki
U21;Prokofievich
U21;Bezukov
U21;Grigorievich
U21;Ramasovski
U21;Preobajenski
U21;Upenskoi
U21;Charmilles
U21;Karpenko
U21;Wladimir
U21;Yeremenko
U21;Charpak
U21;Kirilenko
U21;Kostov
U21;Yeremenko
U21;Jukov
U21;Rotislav
U21;Iasenov
U21;Lytkharin
U21;Vnukov
U21;Peredelnikov
U21;Kama
U21;Lipetsk
U21;Kotlas
U21;Pskov
U21;Kirov
U21;Ipatiev
U21;Pawlosk
U21;Gomel
U21;Briansk
U21;Iaroslaw
U21;Iwanovo
U21;Tcherbatov
U21;Sangar
U21;Bulba
U21;Boda‹bo
U21;Kotchev
U21;Bereznik
U21;Ustinov
U21;Okhotsk
U21;Sverdlovsk
U21;Berezov
U21;Vilkitski
U21;Faddeiev
U21;de Long
MIN;Kaigon
