#-----------------------------------------------------------------------------------------------;
#Provinces;
#-----------------------------------------------------------------------------------------------;
#;
PROV_Yukon;Yukon;
CITY_Yukon;Yukon;
PROV_Kitimat;Kitimat;
CITY_Kitimat;Kitimat;
PROV_Sitka;Sitka;
CITY_Sitka;Sitka;
PROV_Nanaimo;Nanaimo;
CITY_Nanaimo;Nanaimo;
PROV_Olympia;Olympia;
CITY_Olympia;Olympia;
PROV_Columbia;Columbia;
CITY_Columbia;Columbia;
PROV_Nehalem;Nehalem;
CITY_Nehalem;Nehalem;
PROV_Sacramento;Sacramento;
CITY_Sacramento;Sacramento;
PROV_Monterey;Monterey;
CITY_Monterey;Monterey;
PROV_Sierra_Madre;Sierra Madre;
CITY_Sierra_Madre;Sierra Madre;
PROV_San_Bernardino;San Bernardino;
CITY_San_Bernardino;San Bernardino;
PROV_Ensenada;Ensenada;
CITY_Ensenada;Ensenada;
PROV_Baja;Baja;
CITY_Baja;Baja;
PROV_Salton;Salton;
CITY_Salton;Salton;
PROV_Altar;Altar;
CITY_Altar;Altar;
PROV_Canyon;Canyon;
CITY_Canyon;Canyon;
PROV_Empalme;Empalme;
CITY_Empalme;Empalme;
PROV_Arizona;Arizona;
CITY_Arizona;Arizona;
PROV_Pinalero;Pinalero;
CITY_Pinalero;Pinalero;
PROV_Chihuahua;Chihuahua;
CITY_Chihuahua;Chihuahua;
PROV_Mazatlan;Mazatlan;
CITY_Mazatlan;Mazatlan;
PROV_El_Paso;El Paso;
CITY_El_Paso;El Paso;
PROV_Coahuilha;Coahuilha;
CITY_Coahuilha;Coahuilha;
PROV_Jalisco;Jalisco;
CITY_Jalisco;Jalisco;
PROV_Saltillo;Saltillo;
CITY_Saltillo;Saltillo;
PROV_Michoagan;Michoagan;
CITY_Michoagan;Michoagan;
PROV_Zacatecas;Zacatecas;
CITY_Zacatecas;Tenochtitlan;
PROV_Tampico;Tampico;
CITY_Tampico;Tampico;
PROV_Tlaxcala;Tlaxcala;
CITY_Tlaxcala;Tuxpan;
PROV_Atlixco;Atlixco;
CITY_Atlixco;Atlixco;
PROV_Tehuantepec;Tehuantepec;
CITY_Tehuantepec;Tehuantepec;
PROV_Tehuacan;Tehuacan;
CITY_Tehuacan;Tehuacan;
PROV_Guatemala;Guatemala;
CITY_Guatemala;Guatemala;
PROV_Campeche;Campeche;
CITY_Campeche;Campeche;
PROV_Yucatan;Yucatan;
CITY_Yucatan;Mayapan;
PROV_Honduras;Honduras;
CITY_Honduras;Honduras;
PROV_Nicaragua;Nicaragua;
CITY_Nicaragua;Nicaragua;
PROV_Mosquitos;Mosquitos;
CITY_Mosquitos;Mosquitos;
PROV_Isthmus;Isthmus;
CITY_Isthmus;Isthmus;
PROV_Pecos;Pecos;
CITY_Pecos;Pecos;
PROV_Rio_Grande;Rio Grande;
CITY_Rio_Grande;Rio Grande;
PROV_Concho;Concho;
CITY_Concho;Concho;
PROV_Matagorda;Matagorda;
CITY_Matagorda;Matagorda;
PROV_Wichita;Wichita;
CITY_Wichita;Wichita;
PROV_Bayou;Bayou;
CITY_Bayou;Bayou;
PROV_Biloxi;Biloxi;
CITY_Biloxi;Biloxi;
PROV_Mobile;Mobile;
CITY_Mobile;Mobile;
PROV_Talahassee;Talahassee;
CITY_Talahassee;Talahassee;
PROV_Seminole;Seminole;
CITY_Seminole;Seminole;
PROV_Everglades;Everglades;
CITY_Everglades;Everglades;
PROV_Arkansas;Arkansas;
CITY_Arkansas;Arkansas;
PROV_Yazoo;Yazoo;
CITY_Yazoo;Yazoo;
PROV_Tuscaloosa;Tuscaloosa;
CITY_Tuscaloosa;Tuscaloosa;
PROV_Savannah;Savannah;
CITY_Savannah;Savannah;
PROV_Alabama;Alabama;
CITY_Alabama;Echota;
PROV_Tennessee;Tennessee;
CITY_Tennessee;Tennessee;
PROV_Mississippi;Mississippi;
CITY_Mississippi;Mississippi;
PROV_Missouri;Missouri;
CITY_Missouri;Missouri;
PROV_Illinois;Illinois;
CITY_Illinois;Illinois;
PROV_Miamis;Miamis;
CITY_Miamis;Miamis;
PROV_Alleghany;Alleghany;
CITY_Alleghany;Alleghany;
PROV_Carolina;Carolina;
CITY_Carolina;Carolina;
PROV_Santee;Santee;
CITY_Santee;Santee;
PROV_Roanoke;Roanoke;
CITY_Roanoke;Roanoke;
PROV_Catawba;Catawba;
CITY_Catawba;Catawba;
PROV_Appalache;Appalache;
CITY_Appalache;Appalache;
PROV_Kentucky;Kentucky;
CITY_Kentucky;Kentucky;
PROV_Chesapeake;Chesapeake;
CITY_Chesapeake;Chesapeake;
PROV_Powhatan;Powhatan;
CITY_Powhatan;Powhatan;
PROV_Shenandoah;Shenandoah;
CITY_Shenandoah;Shenandoah;
PROV_Erie;Erie;
CITY_Erie;Chillicothe;
PROV_Hindua;Hindua;
CITY_Hindua;Hindua;
PROV_Fox;Fox;
CITY_Fox;Fox;
PROV_Milwaukee;Milwaukee;
CITY_Milwaukee;Milwaukee;
PROV_Iowa;Iowa;
CITY_Iowa;Iowa;
PROV_Minnesota;Minnesota;
CITY_Minnesota;Minesota;
PROV_Mesabi;Mesabi;
CITY_Mesabi;Mesabi;
PROV_Duluth;Duluth;
CITY_Duluth;Duluth;
PROV_Wisconsin;Wisconsin;
CITY_Wisconsin;Wisconsin;
PROV_Oskosh;Oskosh;
CITY_Oskosh;Oskosh;
PROV_Michilimakinak;Michilimakinak;
CITY_Michilimakinak;Michilimakinak;
PROV_Detroit;Detroit;
CITY_Detroit;Detroit;
PROV_Irondekoit;Irondekoit;
CITY_Irondekoit;Irondekoit;
PROV_Tuscarora;Tuscarora;
CITY_Tuscarora;Tuscarora;
PROV_Susquehanna;Susquehanna;
CITY_Susquehanna;Susquehanna;
PROV_Delaware;Delaware;
CITY_Delaware;Delaware;
PROV_Manhattan;Manhattan;
CITY_Manhattan;Manhattan;
PROV_Catskill;Catskill;
CITY_Catskill;Catskill;
PROV_Oswego;Oswego;
CITY_Oswego;Oswego;
PROV_Mohawk;Mohawk;
CITY_Mohawk;Mohawk;
PROV_Onondaga;Onondaga;
CITY_Onondaga;Onondaga;
PROV_Niagara;Niagara;
CITY_Niagara;Niagara;
PROV_Sault;Sault;
CITY_Sault;Sault;
PROV_Superior;Superior;
CITY_Superior;Superior;
PROV_Nipigon;Nipigon;
CITY_Nipigon;Nipigon;
PROV_Nipissing;Nipissing;
CITY_Nipissing;Nipissing;
PROV_Oshawa;Oshawa;
CITY_Oshawa;Oshawa;
PROV_Huron;Huron;
CITY_Huron;Huron;
PROV_Ticonderoga;Ticonderoga;
CITY_Ticonderoga;Ticonderoga;
PROV_Adirondak;Adirondak;
CITY_Adirondak;Adirondak;
PROV_Sebago;Sebago;
CITY_Sebago;Sebago;
PROV_Connecticut;Connecticut;
CITY_Connecticut;Connecticut;
PROV_Massachussetts;Massachussetts;
CITY_Massachussetts;Massachussetts;
PROV_Penobscot;Penobscot;
CITY_Penobscot;Penobscot;
PROV_Megantic;Megantic;
CITY_Megantic;Megantic;
PROV_Hochelaga;Hochelaga;
CITY_Hochelaga;Hochelaga;
PROV_Ottawa;Ottawa;
CITY_Ottawa;Ottawa;
PROV_Laurentia;Laurentia;
CITY_Laurentia;Laurentia;
PROV_Shawinigan;Shawinigan;
CITY_Shawinigan;Shawinigan;
PROV_Stadacone;Stadacone;
CITY_Stadacone;Kebec;
PROV_Bas_St-Laurent;Bas St-Laurent;
CITY_Bas_St-Laurent;Rimouski;
PROV_Bangor;Bangor;
CITY_Bangor;Bangor;
PROV_Micmac;Micmac;
CITY_Micmac;Micmac;
PROV_Gaspésie;Gaspésie;
CITY_Gaspésie;Gaspésie;
PROV_Acadie;Acadie;
CITY_Acadie;Fundy;
PROV_Nova_Scotia;Nova Scotia;
CITY_Nova_Scotia;Nova Scotia;
PROV_Isle_Royale;Isle Royale;
CITY_Isle_Royale;Isle Royale;
PROV_Gander;Gander;
CITY_Gander;Gander;
PROV_Placentia;Placentia;
CITY_Placentia;Placentia;
PROV_Wabana;Wabana;
CITY_Wabana;Wabana;
PROV_Saguenay;Saguenay;
CITY_Saguenay;Chicoutimi;
PROV_Manicouagan;Manicouagan;
CITY_Manicouagan;Manicouagan;
PROV_Anticosti;Anticosti;
CITY_Anticosti;Anticosti;
PROV_Belle_Isle;Belle Isle;
CITY_Belle_Isle;Belle Isle;
PROV_Caniapiscau;Caniapiscau;
CITY_Caniapiscau;Caniapiscau;
PROV_Nain;Nain;
CITY_Nain;Nain;
PROV_Torngat;Torngat;
CITY_Torngat;Torngat;
PROV_Ungava;Ungava;
CITY_Ungava;Ungava;
PROV_Minto;Minto;
CITY_Minto;Mialto;
PROV_Chisasibi;Chisasibi;
CITY_Chisasibi;Chisasibi;
PROV_Attawapiskat;Attawapiskat;
CITY_Attawapiskat;Attawapiskat;
PROV_Winisk;Winisk;
CITY_Winisk;Winisk;
PROV_Athabaska;Athabaska;
CITY_Athabaska;Athabaska;
PROV_Chimo;Chimo;
CITY_Chimo;Chimo;
PROV_Eskimalt;Eskimalt;
CITY_Eskimalt;Eskimalt;
PROV_Nueltin;Nueltin;
CITY_Nueltin;Nueltin;
PROV_Havana;Havana;
CITY_Havana;Havana;
PROV_Moron;Moron;
CITY_Moron;Moron;
PROV_Guantanamo;Guantanamo;
CITY_Guantanamo;Guantanamo;
PROV_Jamaica;Jamaica;
CITY_Jamaica;Jamaica;
PROV_Les_Cayes;Les Cayes;
CITY_Les_Cayes;Les Cayes;
PROV_Tortuga;Tortuga;
CITY_Tortuga;Tortuga;
PROV_Barahona;Barahona;
CITY_Barahona;Barahona;
PROV_Puerto_Rico;Puerto Rico;
CITY_Puerto_Rico;Puerto Rico;
PROV_St._Thomas;St. Thomas;
CITY_St._Thomas;St Thomas;
PROV_St._Martin;St. Martin;
CITY_St._Martin;St Martin;
PROV_Antigua;Antigua;
CITY_Antigua;Antigua;
PROV_Dominica;Dominica;
CITY_Dominica;Dominica;
PROV_Guadeloupe;Guadeloupe;
CITY_Guadeloupe;Guadeloupe;
PROV_Martinique;Martinique;
CITY_Martinique;Martinique;
PROV_Tobago_&_Trinidad;Tobago & Trinidad;
CITY_Tobago_&_Trinidad;Tobago;
PROV_Barbados;Barbados;
CITY_Barbados;Barbados;
PROV_Curacao;Curacao;
CITY_Curacao;Curacao;
PROV_Yaraguay;Yaraguay;
CITY_Yaraguay;Yaraguay;
PROV_Apure;Apure;
CITY_Apure;Apure;
PROV_Tocuvo;Tocuvo;
CITY_Tocuvo;Tocuvo;
PROV_Maracaibo;Maracaibo;
CITY_Maracaibo;Maracaibo;
PROV_Cartagena;Cartagena;
CITY_Cartagena;Cartagena;
PROV_Yarumal;Yarumal;
CITY_Yarumal;Yarumal;
PROV_Bogota;Bogota;
CITY_Bogota;Bogota;
PROV_Cupica;Cupica;
CITY_Cupica;Cupica;
PROV_Cali;Cali;
CITY_Cali;Cali;
PROV_Azuay;Azuay;
CITY_Azuay;Azuay;
PROV_Guayaquil;Guayaquil;
CITY_Guayaquil;Guayaquil;
PROV_Cajamarca;Cajamarca;
CITY_Cajamarca;Cajamarca;
PROV_Huanuco;Huanuco;
CITY_Huanuco;Huanuco;
PROV_Ayacucho;Ayacucho;
CITY_Ayacucho;Ayacucho;
PROV_Lima;Lima;
CITY_Lima;Lima;
PROV_Cuzco;Cuzco;
CITY_Cuzco;Cuzco;
PROV_Arequipa;Arequipa;
CITY_Arequipa;Arequipa;
PROV_Moquega;Moquega;
CITY_Moquega;Moquega;
PROV_Arica;Arica;
CITY_Arica;Arica;
PROV_Atacama;Atacama;
CITY_Atacama;Atacama;
PROV_Coquimbo;Coquimbo;
CITY_Coquimbo;Coquimbo;
PROV_Valparaiso;Valparaiso;
CITY_Valparaiso;Valparaiso;
PROV_Talca;Talca;
CITY_Talca;Talca;
PROV_Aisen;Aisen;
CITY_Aisen;Aisen;
PROV_Caribe;Caribe;
CITY_Caribe;Caribe;
PROV_Cuyuni;Cuyuni;
CITY_Cuyuni;Cuyuni;
PROV_Guyana;Guyana;
CITY_Guyana;Guyana;
PROV_Surinam;Surinam;
CITY_Surinam;Surinam;
PROV_Maroni;Maroni;
CITY_Maroni;Maroni;
PROV_Amapa;Amapa;
CITY_Amapa;Amapa;
PROV_Manaus;Manaus;
CITY_Manaus;Manaus;
PROV_Solimoes;Solimoes;
CITY_Solimoes;Solimoes;
PROV_Aleutes;Aleutes;
CITY_Aleutes;Aleutes;
PROV_Pastaza;Pastaza;
CITY_Pastaza;Pastaza;
PROV_Mirim;Mirim;
CITY_Mirim;Mirim;
PROV_Macacos;Macacos;
CITY_Macacos;Macacos;
PROV_Japura;Japura;
CITY_Japura;Japura;
PROV_Canuma;Canuma;
CITY_Canuma;Canuma;
PROV_Taqari;Taqari;
CITY_Taqari;Taqari;
PROV_Titicaca;Titicaca;
CITY_Titicaca;Titicaca;
PROV_Potosi;Potosi;
CITY_Potosi;Potosi;
PROV_Mato_Grosso;Mato Grosso;
CITY_Mato_Grosso;Mato Grosso;
PROV_Goias;Goias;
CITY_Goias;Goias;
PROV_Caracas;Caracas;
CITY_Caracas;Caracas;
PROV_Marajo;Marajo;
CITY_Marajo;Marajo;
PROV_Para;Para;
CITY_Para;Para;
PROV_Tiracambu;Tiracambu;
CITY_Tiracambu;Tiracambu;
PROV_Maranhao;Maranhao;
CITY_Maranhao;Maranhao;
PROV_Parnaiba;Parnaiba;
CITY_Parnaiba;Parnaiba;
PROV_Recife;Recife;
CITY_Recife;Recife;
PROV_Iguato;Iguato;
CITY_Iguato;Iguato;
PROV_Pernambuc;Pernambuc;
CITY_Pernambuc;Pernambuc;
PROV_Alagoas;Alagoas;
CITY_Alagoas;Alagoas;
PROV_Diamentina;Diamentina;
CITY_Diamentina;Diamentina;
PROV_Minas_Gerais;Minas Gerais;
CITY_Minas_Gerais;Minas Gerais;
PROV_Salvador;Salvador;
CITY_Salvador;Salvador;
PROV_Itaimas;Itaimas;
CITY_Itaimas;Itaimas;
PROV_Niteroi;Niteroi;
CITY_Niteroi;Niteroi;
PROV_Araxa;Araxa;
CITY_Araxa;Araxa;
PROV_Curitiba;Curitiba;
CITY_Curitiba;Curitiba;
PROV_Cangucu;Cangucu;
CITY_Cangucu;Cangucu;
PROV_Uruguay;Uruguay;
CITY_Uruguay;Uruguay;
PROV_Artigas;Artigas;
CITY_Artigas;Artigas;
PROV_Parana;Parana;
CITY_Parana;Parana;
PROV_Neembucu;Neembucu;
CITY_Neembucu;Neembucu;
PROV_Tucuman;Tucuman;
CITY_Tucuman;Tucuman;
PROV_Jujuy;Jujuy;
CITY_Jujuy;Jujuy;
PROV_Corrientes;Corrientes;
CITY_Corrientes;Corrientes;
PROV_Rosario;Rosario;
CITY_Rosario;Rosario;
PROV_Aires;Aires;
CITY_Aires;Aires;
PROV_Copetonas;Copetonas;
CITY_Copetonas;Copetonas;
PROV_San_Matias;San Matias;
CITY_San_Matias;San Matias;
PROV_Chubut;Chubut;
CITY_Chubut;Chubut;
PROV_Santa_Cruz;Santa Cruz;
CITY_Santa_Cruz;Santa Cruz;
PROV_Magallanes;Magallanes;
CITY_Magallanes;Magallanes;
PROV_Tierra_del_Fuego;Tierra del Fuego;
CITY_Tierra_del_Fuego;Tierra del Fuego;
PROV_The_Falklands;The Falklands;
CITY_The_Falklands;The Falklands;
PROV_Connaught;Connaught;
CITY_Connaught;Galway;
PROV_Ulster;Ulster;
CITY_Ulster;Belfast;
PROV_Meath;Meath;
CITY_Meath;Dublin;
PROV_Leinster;Leinster;
CITY_Leinster;Wexford;
PROV_Munster;Munster;
CITY_Munster;Cork;
PROV_The_Highlands;The Highlands;
CITY_The_Highlands;Inverness;
PROV_The_Grampians;The Grampians;
CITY_The_Grampians;Aberdeen;
PROV_Lothian;Lothian;
CITY_Lothian;Edinburgh;
PROV_Strathclyde;Strathclyde;
CITY_Strathclyde;Glasgow;
PROV_Northumberland;Northumberland;
CITY_Northumberland;Newcastle;
PROV_Yorkshire;Yorkshire;
CITY_Yorkshire;York;
PROV_Lancashire;Lancashire;
CITY_Lancashire;Lancaster;
PROV_Wales;Wales;
CITY_Wales;Cardiff;
PROV_Midlands;Midlands;
CITY_Midlands;Coventry;
PROV_Lincoln;Lincoln;
CITY_Lincoln;Lincoln;
PROV_Bristol;Bristol;
CITY_Bristol;Bristol;
PROV_Anglia;Anglia;
CITY_Anglia;London;
PROV_Kent;Kent;
CITY_Kent;Canterbury;
PROV_Wessex;Wessex;
CITY_Wessex;Portsmouth;
PROV_Cornwall;Cornwall;
CITY_Cornwall;Plymouth;
PROV_Skåne;Skåne;
CITY_Skåne;Lund;
PROV_Småland;Småland;
CITY_Småland;Kalmar;
PROV_Västergötland;Västergötland;
CITY_Västergötland;Älvsborg;
PROV_Svealand;Svealand;
CITY_Svealand;Stockholm;
PROV_Østlandet;Østlandet;
CITY_Østlandet;Oslo;
PROV_Bergenshus;Bergenshus;
CITY_Bergenshus;Bergen;
PROV_Bergslagen;Bergslagen;
CITY_Bergslagen;Mora;
PROV_Trøndelag;Trøndelag;
CITY_Trøndelag;Trondheim;
PROV_Narvik;Narvik;
CITY_Narvik;Vaagan;
PROV_Lappland;Lappland;
CITY_Lappland;Kiruna;
PROV_Finnmark;Finnmark;
CITY_Finnmark;Vardø;
PROV_Kola;Kola;
CITY_Kola;Kola;
PROV_Österbotten;Österbotten;
CITY_Österbotten;Vasa;
PROV_Tavastland;Tavastland;
CITY_Tavastland;Tavastehus;
PROV_Nyland;Nyland;
CITY_Nyland;Viborg;
PROV_Kexholm;Kexholm;
CITY_Kexholm;Kexholm;
PROV_Olonets;Olonets;
CITY_Olonets;Kargopor;
PROV_Vologda;Vologda;
CITY_Vologda;Vologda;
PROV_Arkhangelsk;Arkhangelsk;
CITY_Arkhangelsk;Arkhangelsk;
PROV_Moskva;Moskva;
CITY_Moskva;Moskva;
PROV_Vladimir;Vladimir;
CITY_Vladimir;Vladimir;
PROV_Nizhgorod;Nizhgorod;
CITY_Nizhgorod;Nizhniy Novgorod;
PROV_Savolaks;Savolaks;
CITY_Savolaks;Olofsborg;
PROV_Novgorod;Novgorod;
CITY_Novgorod;Novgorod;
PROV_Ingermanland;Ingermanland;
CITY_Ingermanland;Narva;
PROV_Estland;Estland;
CITY_Estland;Reval;
PROV_Pskov;Pskov;
CITY_Pskov;Pskov;
PROV_Tver;Tver;
CITY_Tver;Tver;
PROV_Tula;Tula;
CITY_Tula;Tula;
PROV_Welikia;Welikia;
CITY_Welikia;Velikije Luki;
PROV_Polotsk;Polotsk;
CITY_Polotsk;Vitebsk;
PROV_Livland;Livland;
CITY_Livland;Dorpat;
PROV_Kurland;Kurland;
CITY_Kurland;Riga;
PROV_Belarus;Belarus;
CITY_Belarus;Minsk;
PROV_Smolensk;Smolensk;
CITY_Smolensk;Smolensk;
PROV_Kursk;Kursk;
CITY_Kursk;Kursk;
PROV_Mozyr;Mozyr;
CITY_Mozyr;Mogilev;
PROV_Lithuania;Lithuania;
CITY_Lithuania;Vilnius;
PROV_Memel;Memel;
CITY_Memel;Memel;
PROV_Prussia;Prussia;
CITY_Prussia;Königsberg;
PROV_Mazovia;Mazovia;
CITY_Mazovia;Warszawa;
PROV_Podlasia;Podlasia;
CITY_Podlasia;Lublin;
PROV_Volyn;Volyn;
CITY_Volyn;Brest Litovsk;
PROV_Chernigov;Chernigov;
CITY_Chernigov;Chernigov;
PROV_Ukraina;Ukraina;
CITY_Ukraina;Kiev;
PROV_Jedisan;Jedisan;
CITY_Jedisan;Ochakov;
PROV_Podolia;Podolia;
CITY_Podolia;Czernowitz;
PROV_Galizien;Galizien;
CITY_Galizien;Lwow;
PROV_Krakow;Krakow;
CITY_Krakow;Krakow;
PROV_Wielkopolska;Wielkopolska;
CITY_Wielkopolska;Gniezno;
PROV_Danzig;Danzig;
CITY_Danzig;Danzig;
PROV_Hinterpommern;Hinterpommern;
CITY_Hinterpommern;Stettin;
PROV_Poznan;Poznan;
CITY_Poznan;Poznan;
PROV_Vorpommern;Vorpommern;
CITY_Vorpommern;Stralsund;
PROV_Mecklemburg;Mecklemburg;
CITY_Mecklemburg;Lübeck;
PROV_Holstein;Holstein;
CITY_Holstein;Hamburg;
PROV_Sjælland;Sjælland;
CITY_Sjælland;København;
PROV_Gotland;Gotland;
CITY_Gotland;Visby;
PROV_Jylland;Jylland;
CITY_Jylland;Aalborg;
PROV_Hannover;Hannover;
CITY_Hannover;Hannover;
PROV_Magdeburg;Magdeburg;
CITY_Magdeburg;Magdeburg;
PROV_Brandenburg;Brandenburg;
CITY_Brandenburg;Berlin;
PROV_Küstrin;Küstrin;
CITY_Küstrin;Küstrin;
PROV_Silesia;Silesia;
CITY_Silesia;Breslau;
PROV_Moravia;Moravia;
CITY_Moravia;Brünn;
PROV_Carpathia;Carpathia;
CITY_Carpathia;Kassa;
PROV_Ruthenia;Ruthenia;
CITY_Ruthenia;Ungvàr;
PROV_Moldova;Moldova;
CITY_Moldova;Iasi;
PROV_Bujak;Bujak;
CITY_Bujak;Chilia;
PROV_Dobrudja;Dobrudja;
CITY_Dobrudja;Silistria;
PROV_Rumelia;Rumelia;
CITY_Rumelia;Varna;
PROV_Wallachia;Wallachia;
CITY_Wallachia;Bucuresti;
PROV_Transylvania;Transylvania;
CITY_Transylvania;Hermannstadt;
PROV_Maros;Maros;
CITY_Maros;Karlsburg;
PROV_Magyar;Magyar;
CITY_Magyar;Eger;
PROV_Presburg;Presburg;
CITY_Presburg;Preáburg;
PROV_Ostmarch;Ostmarch;
CITY_Ostmarch;Krems;
PROV_Bohemia;Bohemia;
CITY_Bohemia;Prag;
PROV_Erz;Erz;
CITY_Erz;Karlsbad;
PROV_Sudeten;Sudeten;
CITY_Sudeten;Pilsen;
PROV_Sachsen;Sachsen;
CITY_Sachsen;Dresden;
PROV_Anhalt;Anhalt;
CITY_Anhalt;Dessau;
PROV_Hessen;Hessen;
CITY_Hessen;Kassel;
PROV_Münster;Münster;
CITY_Münster;Münster;
PROV_Oldenburg;Oldenburg;
CITY_Oldenburg;Oldenburg;
PROV_Bremen;Bremen;
CITY_Bremen;Bremen;
PROV_Friesen;Friesen;
CITY_Friesen;Groningen;
PROV_Geldre;Geldre;
CITY_Geldre;Arnhem;
PROV_Holland;Holland;
CITY_Holland;Amsterdam;
PROV_Zeeland;Zeeland;
CITY_Zeeland;Vlissingen;
PROV_Västerbotten;Västerbotten;
CITY_Västerbotten;Umeå;
PROV_Finland;Finland;
CITY_Finland;Åbo;
PROV_Kleves;Kleves;
CITY_Kleves;Düsseldorf;
PROV_Köln;Köln;
CITY_Köln;Köln;
PROV_Pfalz;Pfalz;
CITY_Pfalz;Heidelberg;
PROV_Mainz;Mainz;
CITY_Mainz;Mainz;
PROV_Würzburg;Würzburg;
CITY_Würzburg;Würzburg;
PROV_Ansbach;Ansbach;
CITY_Ansbach;Nürnberg;
PROV_Bayern;Bayern;
CITY_Bayern;München;
PROV_Salzburg;Salzburg;
CITY_Salzburg;Salzburg;
PROV_Austria;Austria;
CITY_Austria;Wien;
PROV_Odenburg;Odenburg;
CITY_Odenburg;Guns;
PROV_Pest;Pest;
CITY_Pest;Pest;
PROV_Banat;Banat;
CITY_Banat;Temeschburg;
PROV_Serbia;Serbia;
CITY_Serbia;Beograd;
PROV_Bulgaria;Bulgaria;
CITY_Bulgaria;Turnovgrad;
PROV_Thrace;Thrace;
CITY_Thrace;Constantinople;
PROV_Macedonia;Macedonia;
CITY_Macedonia;Thessaloniki;
PROV_Hellas;Hellas;
CITY_Hellas;Athene;
PROV_Morea;Morea;
CITY_Morea;Nafplion;
PROV_Albania;Albania;
CITY_Albania;Durrës;
PROV_Ragusa;Ragusa;
CITY_Ragusa;Ragusa;
PROV_Kosovo;Kosovo;
CITY_Kosovo;Nish;
PROV_Bosnia;Bosnia;
CITY_Bosnia;Sarajevo;
PROV_Dalmatia;Dalmatia;
CITY_Dalmatia;Zara;
PROV_Croatia;Croatia;
CITY_Croatia;Zagreb;
PROV_Krain;Krain;
CITY_Krain;Laibach;
PROV_Istria;Istria;
CITY_Istria;Triest;
PROV_Steiermark;Steiermark;
CITY_Steiermark;Graz;
PROV_Veneto;Veneto;
CITY_Veneto;Venézia;
PROV_Tirol;Tirol;
CITY_Tirol;Innsbruck;
PROV_Württemberg;Württemberg;
CITY_Württemberg;Stuttgart;
PROV_Baden;Baden;
CITY_Baden;Rastatt;
PROV_Alsace;Alsace;
CITY_Alsace;Straßburg;
PROV_Lorraine;Lorraine;
CITY_Lorraine;Nancy;
PROV_Champagne;Champagne;
CITY_Champagne;Reims;
PROV_Luxembourg;Luxembourg;
CITY_Luxembourg;Luxemburg;
PROV_Brabant;Brabant;
CITY_Brabant;Brussels;
PROV_Artois;Artois;
CITY_Artois;Arras;
PROV_Flandern;Flandern;
CITY_Flandern;Antwerpen;
PROV_Jämtland;Jämtland;
CITY_Jämtland;Östersund;
PROV_Calais;Calais;
CITY_Calais;Calais;
PROV_Picardie;Picardie;
CITY_Picardie;Amiens;
PROV_Caux;Caux;
CITY_Caux;Rouen;
PROV_Ile_de_France;Ile de France;
CITY_Ile_de_France;Paris;
PROV_Nivernais;Nivernais;
CITY_Nivernais;Nevers;
PROV_Franche_Comté;Franche Comté;
CITY_Franche_Comté;Besancon;
PROV_Bern;Bern;
CITY_Bern;Bern;
PROV_Lombardia;Lombardia;
CITY_Lombardia;Milan;
PROV_Mantua;Mantua;
CITY_Mantua;Mantua;
PROV_Romagna;Romagna;
CITY_Romagna;Bologna;
PROV_Marche;Marche;
CITY_Marche;Ancona;
PROV_Napoli;Napoli;
CITY_Napoli;Nàpoli;
PROV_Apulia;Apulia;
CITY_Apulia;Taranto;
PROV_Messina;Messina;
CITY_Messina;Messina;
PROV_Sicily;Sicily;
CITY_Sicily;Palermo;
PROV_Sardinia;Sardinia;
CITY_Sardinia;Cagliari;
PROV_Corsica;Corsica;
CITY_Corsica;Bastia;
PROV_Roma;Roma;
CITY_Roma;Rome;
PROV_Siena;Siena;
CITY_Siena;Siena;
PROV_Firenze;Firenze;
CITY_Firenze;Firenze;
PROV_Emilia;Emilia;
CITY_Emilia;Modena;
PROV_Liguria;Liguria;
CITY_Liguria;Genova;
PROV_Piemonte;Piemonte;
CITY_Piemonte;Torino;
PROV_Savoie;Savoie;
CITY_Savoie;Chambéry;
PROV_Provence;Provence;
CITY_Provence;Marseille;
PROV_Dauphiné;Dauphiné;
CITY_Dauphiné;Grenoble;
PROV_Lyonnais;Lyonnais;
CITY_Lyonnais;Lyon;
PROV_Bourgogne;Bourgogne;
CITY_Bourgogne;Dijon;
PROV_Berri;Berri;
CITY_Berri;Tours;
PROV_Orleanais;Orleanais;
CITY_Orleanais;Orleans;
PROV_Maine;Maine;
CITY_Maine;Le Mans;
PROV_Normandie;Normandie;
CITY_Normandie;Caen;
PROV_Armor;Armor;
CITY_Armor;Rennes;
PROV_Bretagne;Bretagne;
CITY_Bretagne;Brest;
PROV_Morbihan;Morbihan;
CITY_Morbihan;Nantes;
PROV_Vendée;Vendée;
CITY_Vendée;Sable d'Olonnes;
PROV_Poitou;Poitou;
CITY_Poitou;La Rochelle;
PROV_Limousin;Limousin;
CITY_Limousin;Limoges;
PROV_Auvergne;Auvergne;
CITY_Auvergne;Clermont;
PROV_Cévennes;Cévennes;
CITY_Cévennes;Aurillac;
PROV_Languedoc;Languedoc;
CITY_Languedoc;Montpellier;
PROV_Guyenne;Guyenne;
CITY_Guyenne;Toulouse;
PROV_Gascogne;Gascogne;
CITY_Gascogne;Bordeaux;
PROV_Béarn;Béarn;
CITY_Béarn;Pau;
PROV_Roussillon;Roussillon;
CITY_Roussillon;Perpignan;
PROV_Gerona;Gerona;
CITY_Gerona;Gerona;
PROV_Navarra;Navarra;
CITY_Navarra;Pamplona;
PROV_Catalonia;Catalonia;
CITY_Catalonia;Barcelona;
PROV_Aragon;Aragon;
CITY_Aragon;Saragosa;
PROV_Cantabria;Cantabria;
CITY_Cantabria;Bilbao;
PROV_Asturias;Asturias;
CITY_Asturias;Burgos;
PROV_Galicia;Galicia;
CITY_Galicia;La Corunna;
PROV_Oporto;Oporto;
CITY_Oporto;Porto;
PROV_Leon;Leon;
CITY_Leon;Salamanca;
PROV_Castilla;Castilla;
CITY_Castilla;Madrid;
PROV_Valencia;Valencia;
CITY_Valencia;Valencia;
PROV_Murcia;Murcia;
CITY_Murcia;Cartagena;
PROV_Toledo;Toledo;
CITY_Toledo;Toledo;
PROV_Estramadura;Estramadura;
CITY_Estramadura;Badajoz;
PROV_Tago;Tago;
CITY_Tago;Lisbon;
PROV_Algarve;Algarve;
CITY_Algarve;Faro;
PROV_Andalusia;Andalusia;
CITY_Andalusia;Sevilla;
PROV_Granada;Granada;
CITY_Granada;Grenada;
PROV_Gibraltar;Gibraltar;
CITY_Gibraltar;Gibraltar;
PROV_Kazan;Kazan;
CITY_Kazan;Iaroslav;
PROV_Tambow;Tambow;
CITY_Tambow;Tambov;
PROV_Ryazan;Ryazan;
CITY_Ryazan;Ryazan;
PROV_Vorones;Vorones;
CITY_Vorones;Voronezh;
PROV_Belgorod;Belgorod;
CITY_Belgorod;Belgorod;
PROV_Bogutjar;Bogutjar;
CITY_Bogutjar;Bogutjar;
PROV_Saratow;Saratow;
CITY_Saratow;Saratov;
PROV_Ufa;Ufa;
CITY_Ufa;Ufa;
PROV_Samara;Samara;
CITY_Samara;Samara;
PROV_Uralsk;Uralsk;
CITY_Uralsk;Uralsk;
PROV_Orenburg;Orenburg;
CITY_Orenburg;Sarapol;
PROV_Astrakhan;Astrakhan;
CITY_Astrakhan;Astrakhan;
PROV_Volgograd;Volgograd;
CITY_Volgograd;Tsaritsyn;
PROV_Lugansk;Lugansk;
CITY_Lugansk;Lugansk;
PROV_Donetsk;Donetsk;
CITY_Donetsk;Kharkov;
PROV_Poltava;Poltava;
CITY_Poltava;Poltava;
PROV_Krementjug;Krementjug;
CITY_Krementjug;Yekaterinoslav;
PROV_Crimea;Crimea;
CITY_Crimea;Kherson;
PROV_Kaffa;Kaffa;
CITY_Kaffa;Kaffa;
PROV_Kerch;Kerch;
CITY_Kerch;Kerch;
PROV_Azov;Azov;
CITY_Azov;Azov;
PROV_Kalmuk;Kalmuk;
CITY_Kalmuk;Ulge;
PROV_Kouban;Kouban;
CITY_Kouban;Stavropol;
PROV_Sochi;Sochi;
CITY_Sochi;Abkazia;
PROV_Georgia;Georgia;
CITY_Georgia;Tblisi;
PROV_Daghestan;Daghestan;
CITY_Daghestan;Derbent;
PROV_Armenia;Armenia;
CITY_Armenia;Erevan;
PROV_Kurdistan;Kurdistan;
CITY_Kurdistan;Bitlis;
PROV_Sivas;Sivas;
CITY_Sivas;Sivas;
PROV_Trabzon;Trabzon;
CITY_Trabzon;Trapzon;
PROV_Angora;Angora;
CITY_Angora;Ankara;
PROV_Anatolia;Anatolia;
CITY_Anatolia;Bursa;
PROV_Smyrna;Smyrna;
CITY_Smyrna;Smyrna;
PROV_Ionia;Ionia;
CITY_Ionia;Naxos;
PROV_Crete;Crete;
CITY_Crete;Candia;
PROV_Rhodes;Rhodes;
CITY_Rhodes;Rhodes;
PROV_Konya;Konya;
CITY_Konya;Konya;
PROV_Adana;Adana;
CITY_Adana;Alexandretta;
PROV_Cyprus;Cyprus;
CITY_Cyprus;Famagusta;
PROV_Aleppo;Aleppo;
CITY_Aleppo;Aleppo;
PROV_Nuyssaybin;Nuyssaybin;
CITY_Nuyssaybin;Mosul;
PROV_Azerbaijan;Azerbaijan;
CITY_Azerbaijan;Baku;
PROV_Kirkuk;Kirkuk;
CITY_Kirkuk;Sulaymanieh;
PROV_Iraq;Iraq;
CITY_Iraq;Bagdad;
PROV_Syria;Syria;
CITY_Syria;Damascus;
PROV_Lebanon;Lebanon;
CITY_Lebanon;Beirut;
PROV_Samaria;Samaria;
CITY_Samaria;Acre;
PROV_Judea;Judea;
CITY_Judea;Jerusalem;
PROV_Sinai;Sinai;
CITY_Sinai;Akaba;
PROV_Jordan;Jordan;
CITY_Jordan;Amman;
PROV_Arabia;Arabia;
CITY_Arabia;Tabuk;
PROV_Medina;Medina;
CITY_Medina;Medina;
PROV_Mekkah;Mekkah;
CITY_Mekkah;Mekkah;
PROV_Yemen;Yemen;
CITY_Yemen;San'a;
PROV_Aden;Aden;
CITY_Aden;Aden;
PROV_Hadramut;Hadramut;
CITY_Hadramut;Habban;
PROV_Dofhar;Dofhar;
CITY_Dofhar;Salalah;
PROV_Masirah;Masirah;
CITY_Masirah;Sawqirah;
PROV_Mascate;Mascate;
CITY_Mascate;Mascate;
PROV_Al_Kharam;Al Kharam;
CITY_Al_Kharam;Suhar;
PROV_Quatar;Quatar;
CITY_Quatar;Quatar;
PROV_Damman;Damman;
CITY_Damman;Damman;
PROV_Basrah;Basrah;
CITY_Basrah;Basrah;
PROV_Bahrein;Bahrein;
CITY_Bahrein;Bahrein;
PROV_Kurgan;Kurgan;
CITY_Kurgan;Uzyan;
PROV_Kustanai;Kustanai;
CITY_Kustanai;Kustanai;
PROV_Tenghiz;Tenghiz;
CITY_Tenghiz;Tenghiz;
PROV_Orsk;Orsk;
CITY_Orsk;Orsk;
PROV_Irgiz;Irgiz;
CITY_Irgiz;Aktjubinsk;
PROV_Alga;Alga;
CITY_Alga;Alga;
PROV_Aralsk;Aralsk;
CITY_Aralsk;Aralsk;
PROV_Turgai;Turgai;
CITY_Turgai;Turgai;
PROV_Ust_Urt;Ust Urt;
CITY_Ust_Urt;Ust Urt;
PROV_Emba;Emba;
CITY_Emba;Emba;
PROV_Bouzatchi;Bouzatchi;
CITY_Bouzatchi;Bouzatchi;
PROV_Karabogaz;Karabogaz;
CITY_Karabogaz;Karabogaz;
PROV_Khwarizm;Khwarizm;
CITY_Khwarizm;Urgench;
PROV_Kara_Kum;Kara Kum;
CITY_Kara_Kum;Ashkabad;
PROV_Turkmenistan;Turkmenistan;
CITY_Turkmenistan;Turkmenistan;
PROV_Elbruz;Elbruz;
CITY_Elbruz;Sari;
PROV_Meched;Meched;
CITY_Meched;Abbasabad;
PROV_Kerman;Kerman;
CITY_Kerman;Keram;
PROV_Lut;Lut;
CITY_Lut;Yezd;
PROV_Tabaristan;Tabaristan;
CITY_Tabaristan;Tehran;
PROV_Tabriz;Tabriz;
CITY_Tabriz;Tabriz;
PROV_Hamadan;Hamadan;
CITY_Hamadan;Hamadan;
PROV_Ahwaz;Ahwaz;
CITY_Ahwaz;Abadan;
PROV_Isfahan;Isfahan;
CITY_Isfahan;Isfahan;
PROV_Fars;Fars;
CITY_Fars;Shiraz;
PROV_Hormouz;Hormouz;
CITY_Hormouz;Hormouz;
PROV_Mekran;Mekran;
CITY_Mekran;Mekran;
PROV_Baluchistan;Baluchistan;
CITY_Baluchistan;Turbat;
PROV_Kalat;Kalat;
CITY_Kalat;Kalat;
PROV_Indus;Indus;
CITY_Indus;Lahari Bandar;
PROV_Sindh;Sindh;
CITY_Sindh;Hyderabad;
PROV_Kutch;Kutch;
CITY_Kutch;Rajkot;
PROV_Rajputana;Rajputana;
CITY_Rajputana;Jodhpur;
PROV_Delhi;Delhi;
CITY_Delhi;Delhi;
PROV_Awadh;Awadh;
CITY_Awadh;Lucknow;
PROV_Bundelkhand;Bundelkhand;
CITY_Bundelkhand;Jhansi;
PROV_Malwa;Malwa;
CITY_Malwa;Ujjain;
PROV_Gujarat;Gujarat;
CITY_Gujarat;Surat;
PROV_Bombay;Bombay;
CITY_Bombay;Bombay;
PROV_Goa;Goa;
CITY_Goa;Goa;
PROV_Maharashtra;Maharashtra;
CITY_Maharashtra;Pune;
PROV_Khandesh;Khandesh;
CITY_Khandesh;Burhanpur;
PROV_Gondwana;Gondwana;
CITY_Gondwana;Jabalpur;
PROV_Raipur;Raipur;
CITY_Raipur;Raipur;
PROV_Tirhut;Tirhut;
CITY_Tirhut;Mithila;
PROV_Koch;Koch;
CITY_Koch;Koch Bihar;
PROV_Santal;Santal;
CITY_Santal;Chittagong;
PROV_Ganges;Ganges;
CITY_Ganges;Calcutta;
PROV_Howrah;Howrah;
CITY_Howrah;Howrah;
PROV_Bihar;Bihar;
CITY_Bihar;Patna;
PROV_Odisa;Odisa;
CITY_Odisa;Cuttack;
PROV_Berhampur;Berhampur;
CITY_Berhampur;Berhampur;
PROV_Sambalpur;Sambalpur;
CITY_Sambalpur;Sambalpur;
PROV_Bastar;Bastar;
CITY_Bastar;Jagdalpur;
PROV_Palakimedi;Palakimedi;
CITY_Palakimedi;Vizagapatam;
PROV_Yanam;Yanam;
CITY_Yanam;Yanam;
PROV_Hyderabad;Hyderabad;
CITY_Hyderabad;Hyderabad;
PROV_Bangalore;Bangalore;
CITY_Bangalore;Vijayangar;
PROV_Mangalore;Mangalore;
CITY_Mangalore;Mangalore;
PROV_Kerala;Kerala;
CITY_Kerala;Calicut;
PROV_Mysore;Mysore;
CITY_Mysore;Mysore;
PROV_Madras;Madras;
CITY_Madras;Madras;
PROV_Pondicherry;Pondicherry;
CITY_Pondicherry;Pondicherry;
PROV_Cochin;Cochin;
CITY_Cochin;Cochin;
PROV_Trivandrum;Trivandrum;
CITY_Trivandrum;Quilon;
PROV_Madurai;Madurai;
CITY_Madurai;Madurai;
PROV_Colombo;Colombo;
CITY_Colombo;Colombo;
PROV_Jaffna;Jaffna;
CITY_Jaffna;Trincomalee;
PROV_Ichim;Ichim;
CITY_Ichim;Ichim;
PROV_Karaganda;Karaganda;
CITY_Karaganda;Karaganda;
PROV_Omsk;Omsk;
CITY_Omsk;Omsk;
PROV_Tchany;Tchany;
CITY_Tchany;Tchany;
PROV_Semipalatinsk;Semipalatinsk;
CITY_Semipalatinsk;Semipalatinsk;
PROV_Irtych;Irtych;
CITY_Irtych;Irtych;
PROV_Novosibirsk;Novosibirsk;
CITY_Novosibirsk;Novosibirsk;
PROV_Altai;Altai;
CITY_Altai;Altai;
PROV_Demianka;Demianka;
CITY_Demianka;Demianka;
PROV_Barabinsk;Barabinsk;
CITY_Barabinsk;Barabinsk;
PROV_Ob;Ob;
CITY_Ob;Ob;
PROV_Tomsk;Tomsk;
CITY_Tomsk;Tomsk;
PROV_Angara;Angara;
CITY_Angara;Angara;
PROV_Krasnoyarsk;Krasnoyarsk;
CITY_Krasnoyarsk;Krasnoyarsk;
PROV_Balakhta;Balakhta;
CITY_Balakhta;Balakhta;
PROV_Tchuma;Tchuma;
CITY_Tchuma;Tchuma;
PROV_Bratsk;Bratsk;
CITY_Bratsk;Bratsk;
PROV_Oka;Oka;
CITY_Oka;Oka;
PROV_Touva;Touva;
CITY_Touva;Touva;
PROV_Saian;Saian;
CITY_Saian;Saian;
PROV_Zima;Zima;
CITY_Zima;Zima;
PROV_Tannu_Ola;Tannu Ola;
CITY_Tannu_Ola;Tannu Ola;
PROV_Irkutsk;Irkutsk;
CITY_Irkutsk;Irkutsk;
PROV_Chatga;Chatga;
CITY_Chatga;Chatga;
PROV_Selenga;Selenga;
CITY_Selenga;Selenga;
PROV_Ulan_Ude;Ulan Ude;
CITY_Ulan_Ude;Ulan Ude;
PROV_Buriat;Buriat;
CITY_Buriat;Buriat;
PROV_Tchita;Tchita;
CITY_Tchita;Tchita;
PROV_Kalakan;Kalakan;
CITY_Kalakan;Kalakan;
PROV_Sretensk;Sretensk;
CITY_Sretensk;Sretensk;
PROV_Kalar;Kalar;
CITY_Kalar;Kalar;
PROV_Mogotcha;Mogotcha;
CITY_Mogotcha;Mogotcha;
PROV_Djagdi;Djagdi;
CITY_Djagdi;Djagdi;
PROV_Chilka;Chilka;
CITY_Chilka;Chilka;
PROV_Stanovoe;Stanovoe;
CITY_Stanovoe;Stanovoe;
PROV_Baladok;Baladok;
CITY_Baladok;Baladok;
PROV_Djugdjur;Djugdjur;
CITY_Djugdjur;Djugdjur;
PROV_Enkan;Enkan;
CITY_Enkan;Enkan;
PROV_Okhotsk;Okhotsk;
CITY_Okhotsk;Okhotsk;
PROV_Magadan;Magadan;
CITY_Magadan;Magadan;
PROV_Kolyma;Kolyma;
CITY_Kolyma;Kolyma;
PROV_Chelekov;Chelekov;
CITY_Chelekov;Chelekov;
PROV_Kamenkoie;Kamenkoie;
CITY_Kamenkoie;Kamenkoie;
PROV_Korfa;Korfa;
CITY_Korfa;Korfa;
PROV_Palana;Palana;
CITY_Palana;Palana;
PROV_Tchumkan;Tchumkan;
CITY_Tchumkan;Tchumkan;
PROV_Amgoun;Amgoun;
CITY_Amgoun;Amgoun;
PROV_Bogorodsk;Bogorodsk;
CITY_Bogorodsk;Bogorodsk;
PROV_Vanin;Vanin;
CITY_Vanin;Vanin;
PROV_Sofiisk;Sofiisk;
CITY_Sofiisk;Sofiisk;
PROV_Amour;Amour;
CITY_Amour;Amur;
PROV_Tchekunda;Tchekunda;
CITY_Tchekunda;Tchekunda;
PROV_Boureia;Boureia;
CITY_Boureia;Boureia;
PROV_Ekimcan;Ekimcan;
CITY_Ekimcan;Ekimcan;
PROV_Nerchiinsk;Nerchiinsk;
CITY_Nerchiinsk;Nerchiinsk;
PROV_Norsk;Norsk;
CITY_Norsk;Norsk;
PROV_Birobidjan;Birobidjan;
CITY_Birobidjan;Birobidjan;
PROV_Heilongjiang;Heilongjiang;
CITY_Heilongjiang;Harbin;
PROV_Viazemski;Viazemski;
CITY_Viazemski;Viazemski;
PROV_Sikhote;Sikhote;
CITY_Sikhote;Sikhote;
PROV_Nelma;Nelma;
CITY_Nelma;Nelma;
PROV_Olga;Olga;
CITY_Olga;Olga;
PROV_Nakhodka;Nakhodka;
CITY_Nakhodka;Nakhodka;
PROV_Kyongju;Kyongju;
CITY_Kyongju;Pusan;
PROV_Yalu;Yalu;
CITY_Yalu;Seoul;
PROV_Jilin;Jilin;
CITY_Jilin;Jilin;
PROV_Baicheng;Baicheng;
CITY_Baicheng;Baicheng;
PROV_Jehol;Jehol;
CITY_Jehol;Tongliao;
PROV_Liaotung;Liaotung;
CITY_Liaotung;Mukden;
PROV_Liaoning;Liaoning;
CITY_Liaoning;Jinzhou;
PROV_Hepei;Hepei;
CITY_Hepei;Chengde;
PROV_Hebei;Hebei;
CITY_Hebei;Beijing;
PROV_Shandong;Shandong;
CITY_Shandong;Qingdao;
PROV_Jinan;Jinan;
CITY_Jinan;Jinan;
PROV_Jiangsu;Jiangsu;
CITY_Jiangsu;Yanzhou;
PROV_Shanghai;Shanghai;
CITY_Shanghai;Shanghai;
PROV_Anhui;Anhui;
CITY_Anhui;Nanjing;
PROV_Zhejiang;Zhejiang;
CITY_Zhejiang;Hangzhou;
PROV_Fujian;Fujian;
CITY_Fujian;Fuzhou;
PROV_Kowloon;Kowloon;
CITY_Kowloon;Hong Kong;
PROV_Guangzhou;Guangzhou;
CITY_Guangzhou;Canton;
PROV_Guangdong;Guangdong;
CITY_Guangdong;Macao;
PROV_Hainan;Hainan;
CITY_Hainan;Haikou;
PROV_Guangxi;Guangxi;
CITY_Guangxi;Nanning;
PROV_Hanoi;Hanoi;
CITY_Hanoi;Hanoi;
PROV_Tanh_Noah;Tanh Noah;
CITY_Tanh_Noah;Tanh Noah;
PROV_Da_Nang;Da Nang;
CITY_Da_Nang;Hue;
PROV_Da_Lat;Da Lat;
CITY_Da_Lat;Da Lat;
PROV_Mekong_Delta;Mekong Delta;
CITY_Mekong_Delta;Saigon;
PROV_Khmer;Khmer;
CITY_Khmer;Phnom Penh;
PROV_Cambodia;Cambodia;
CITY_Cambodia;Angkor;
PROV_Laos;Laos;
CITY_Laos;Laos;
PROV_Bangkok;Bangkok;
CITY_Bangkok;Ayutthaya;
PROV_Chin;Chin;
CITY_Chin;Chin;
PROV_Tarakan;Tarakan;
CITY_Tarakan;Tarakan;
PROV_Irrawady;Irrawady;
CITY_Irrawady;Irrawady;
PROV_Kwai;Kwai;
CITY_Kwai;Kwai;
PROV_Phuket;Phuket;
CITY_Phuket;Phuket;
PROV_Perak;Perak;
CITY_Perak;Perak;
PROV_Malacca;Malacca;
CITY_Malacca;Malacca;
PROV_Johor;Johor;
CITY_Johor;Johor;
PROV_Ajeh;Ajeh;
CITY_Ajeh;Ajeh;
PROV_Riau;Riau;
CITY_Riau;Riau;
PROV_Jambi;Jambi;
CITY_Jambi;Jambi;
PROV_Palembang;Palembang;
CITY_Palembang;Palembang;
PROV_Ezochi;Ezochi;
CITY_Ezochi;Hakodate;
PROV_Tohoku;Tohoku;
CITY_Tohoku;Sendai;
PROV_Kanto;Kanto;
CITY_Kanto;Edo;
PROV_Kansai;Kansai;
CITY_Kansai;Kyoto;
PROV_Shikoku;Shikoku;
CITY_Shikoku;Matsuyama;
PROV_Kyushu;Kyushu;
CITY_Kyushu;Nagasaki;
PROV_Taiwan;Taiwan;
CITY_Taiwan;Kaoshiung;
PROV_Luzon;Luzon;
CITY_Luzon;Luzon;
PROV_Mindoro;Mindoro;
CITY_Mindoro;Mindoro;
PROV_Samar;Samar;
CITY_Samar;Samar;
PROV_Mindanao;Mindanao;
CITY_Mindanao;Mindanao;
PROV_Palawan;Palawan;
CITY_Palawan;Palawan;
PROV_Sabah;Sabah;
CITY_Sabah;Sabah;
PROV_Brunei;Brunei;
CITY_Brunei;Brunei;
PROV_Sarawak;Sarawak;
CITY_Sarawak;Sarawak;
PROV_Bandjarmasin;Bandjarmasin;
CITY_Bandjarmasin;Bandjarmasin;
PROV_Selatan;Selatan;
CITY_Selatan;Selatan;
PROV_Kalimantan;Kalimantan;
CITY_Kalimantan;Kalimantan;
PROV_Sunda;Sunda;
CITY_Sunda;Bantem;
PROV_Jakarta;Jakarta;
CITY_Jakarta;Jakarta;
PROV_Bandung;Bandung;
CITY_Bandung;Bandung;
PROV_Surabaja;Surabaja;
CITY_Surabaja;Surabaja;
PROV_Bali;Bali;
CITY_Bali;Bali;
PROV_Manado;Manado;
CITY_Manado;Manado;
PROV_Sulawesi;Sulawesi;
CITY_Sulawesi;Sulawesi;
PROV_Makassar;Makassar;
CITY_Makassar;Makassar;
PROV_Salabanka;Salabanka;
CITY_Salabanka;Salabanka;
PROV_Sumbawa;Sumbawa;
CITY_Sumbawa;Sumbawa;
PROV_Flores;Flores;
CITY_Flores;Flores;
PROV_Timor;Timor;
CITY_Timor;Timor;
PROV_Tindore;Tindore;
CITY_Tindore;Tindore;
PROV_Buru;Buru;
CITY_Buru;Buru;
PROV_Ceram;Ceram;
CITY_Ceram;Ceram;
PROV_Sorong;Sorong;
CITY_Sorong;Sorong;
PROV_Kalepam;Kalepam;
CITY_Kalepam;Kalepam;
PROV_Wewak;Wewak;
CITY_Wewak;Wewak;
PROV_Rabaul;Rabaul;
CITY_Rabaul;Rabaul;
PROV_Manunda;Manunda;
CITY_Manunda;Manunda;
PROV_Murumbidgee;Murumbidgee;
CITY_Murumbidgee;Murumbidgee;
PROV_Yarra;Yarra;
CITY_Yarra;Yarra;
PROV_Wagga;Wagga;
CITY_Wagga;Wagga;
PROV_Wollongong;Wollongong;
CITY_Wollongong;Wollongong;
PROV_Nandewar;Nandewar;
CITY_Nandewar;Nandewar;
PROV_Towoomba;Towoomba;
CITY_Towoomba;Towoomba;
PROV_Whangarei;Whangarei;
CITY_Whangarei;Whangarei;
PROV_Taranaki;Taranaki;
CITY_Taranaki;Taranaki;
PROV_Wairoa;Wairoa;
CITY_Wairoa;Wairoa;
PROV_Timaru;Timaru;
CITY_Timaru;Timaru;
PROV_Macquarie;Macquarie;
CITY_Macquarie;Macquarie;
PROV_Tangiers;Tangiers;
CITY_Tangiers;Tangiers;
PROV_Fez;Fez;
CITY_Fez;Fez;
PROV_Orania;Orania;
CITY_Orania;Oran;
PROV_Atlas;Atlas;
CITY_Atlas;Biskra;
PROV_Aures;Aures;
CITY_Aures;Constantine;
PROV_Al_Djazair;Al Djazair;
CITY_Al_Djazair;Al-Djazair;
PROV_Kabylia;Kabylia;
CITY_Kabylia;Bône;
PROV_Tunisia;Tunisia;
CITY_Tunisia;Tunis;
PROV_Tripolitania;Tripolitania;
CITY_Tripolitania;Tripoli;
PROV_Cyrenaica;Cyrenaica;
CITY_Cyrenaica;Benghazi;
PROV_Quattara;Quattara;
CITY_Quattara;El Alamein;
PROV_Cataract;Cataract;
CITY_Cataract;Asyut;
PROV_Alexandria;Alexandria;
CITY_Alexandria;Alexandria;
PROV_Delta;Delta;
CITY_Delta;Damietta;
PROV_Egypt;Egypt;
CITY_Egypt;Cairo;
PROV_Nile;Nile;
CITY_Nile;Assuan;
PROV_Batn_al_Hajar;Batn al Hajar;
CITY_Batn_al_Hajar;Dongola;
PROV_Nubia;Nubia;
CITY_Nubia;Suakin;
PROV_Sudan;Sudan;
CITY_Sudan;Khartoum;
PROV_Bisharin;Bisharin;
CITY_Bisharin;Sennar;
PROV_Massawa;Massawa;
CITY_Massawa;Massawa;
PROV_Keren;Keren;
CITY_Keren;Keren;
PROV_Issas;Issas;
CITY_Issas;Issas;
PROV_Afars;Afars;
CITY_Afars;Afars;
PROV_Socotra;Socotra;
CITY_Socotra;Socotra;
PROV_Somalia;Somalia;
CITY_Somalia;Somalia;
PROV_Ogaden;Ogaden;
CITY_Ogaden;Ogaden;
PROV_Mudugh;Mudugh;
CITY_Mudugh;Mudugh;
PROV_Mogadiscio;Mogadiscio;
CITY_Mogadiscio;Mogadiscio;
PROV_Malindi;Malindi;
CITY_Malindi;Malindi;
PROV_Kenya;Kenya;
CITY_Kenya;Kenya;
PROV_Mombasa;Mombasa;
CITY_Mombasa;Mombassa;
PROV_Tanga;Tanga;
CITY_Tanga;Tanga;
PROV_Zanzibar;Zanzibar;
CITY_Zanzibar;Zanzibar;
PROV_Rufiji;Rufiji;
CITY_Rufiji;Kilwa;
PROV_Lindi;Lindi;
CITY_Lindi;Lindi;
PROV_Mtawa;Mtawa;
CITY_Mtawa;Mtawa;
PROV_Niassa;Niassa;
CITY_Niassa;Niassa;
PROV_Nampuia;Nampuia;
CITY_Nampuia;Nampuia;
PROV_Zambezia;Zambezia;
CITY_Zambezia;Beira;
PROV_Inhambane;Inhambane;
CITY_Inhambane;Inhambane;
PROV_Natal;Natal;
CITY_Natal;Natal;
PROV_Transkei;Transkei;
CITY_Transkei;Transkei;
PROV_Ciskei;Ciskei;
CITY_Ciskei;Ciskei;
PROV_Karroo;Karroo;
CITY_Karroo;Karroo;
PROV_Bushman;Bushman;
CITY_Bushman;Bushman;
PROV_Table;Table;
CITY_Table;Table;
PROV_Namaqua;Namaqua;
CITY_Namaqua;Namaqua;
PROV_Damara;Damara;
CITY_Damara;Damara;
PROV_Ovambo;Ovambo;
CITY_Ovambo;Ovambo;
PROV_Curango;Curango;
CITY_Curango;Cubango;
PROV_Lobito;Lobito;
CITY_Lobito;Lobito;
PROV_Luanda;Luanda;
CITY_Luanda;Luanda;
PROV_Zaire;Zaire;
CITY_Zaire;Zaire;
PROV_Cabinda;Cabinda;
CITY_Cabinda;Cabinda;
PROV_Mayumba;Mayumba;
CITY_Mayumba;Mayumba;
PROV_Muni;Muni;
CITY_Muni;Muni;
PROV_Kribi;Kribi;
CITY_Kribi;Kribi;
PROV_Douala;Douala;
CITY_Douala;Douala;
PROV_Nigeria;Nigeria;
CITY_Nigeria;Nigeria;
PROV_Accra;Accra;
CITY_Accra;Accra;
PROV_Ivoria;Ivoria;
CITY_Ivoria;Lagos;
PROV_Palanas;Palanas;
CITY_Palanas;Palanas;
PROV_Leone;Leone;
CITY_Leone;Leone;
PROV_Guinea;Guinea;
CITY_Guinea;Guinea;
PROV_Casamance;Casamance;
CITY_Casamance;Casamance;
PROV_Gambia;Gambia;
CITY_Gambia;Gambia;
PROV_Dakar;Dakar;
CITY_Dakar;Dakar;
PROV_Senegal;Senegal;
CITY_Senegal;Senegal;
PROV_Louga;Louga;
CITY_Louga;Louga;
PROV_Nouakchott;Nouakchott;
CITY_Nouakchott;Nouakchott;
PROV_Nouadibuh;Nouadibuh;
CITY_Nouadibuh;Nouadibuh;
PROV_Tassaret;Tassaret;
CITY_Tassaret;Tassaret;
PROV_Sahara;Sahara;
CITY_Sahara;Sahara;
PROV_Toubkal;Toubkal;
CITY_Toubkal;Marrakech;
PROV_Ambovombe;Ambovombe;
CITY_Ambovombe;Ambovombe;
PROV_Antsirana;Antsirana;
CITY_Antsirana;Antsirana;
PROV_Bourbon;Bourbon;
CITY_Bourbon;Réunion;
PROV_Mauritius;Mauritius;
CITY_Mauritius;Bourbon;
PROV_Mahe;Mahe;
CITY_Mahe;Mahe;
PROV_Kauai;Kauai;
CITY_Kauai;Kauai;
PROV_Oahu;Oahu;
CITY_Oahu;Oahu;
PROV_Tahiti;Tahiti;
CITY_Tahiti;Tahiti;
PROV_Viti_Levu;Viti Levu;
CITY_Viti_Levu;Viti Levu;
PROV_Fernando_Po;Fernando Po;
CITY_Fernando_Po;Fernando Po;
PROV_The_Canary_Islands;The Canary Islands;
CITY_The_Canary_Islands;The Canary Islands;
PROV_Cape_Verde;Cape Verde;
CITY_Cape_Verde;Cape Verde;
PROV_Malta;Malta;
CITY_Malta;Valletta;
PROV_Corfu;Corfu;
CITY_Corfu;Corfu;
PROV_The_Baleares;The Baleares;
CITY_The_Baleares;Palma;
PROV_Costa_Rica;Costa Rica;
CITY_Costa_Rica;Costa Rica;
PROV_The_Azores;The Azores;
CITY_The_Azores;The Azores;
PROV_St._Helena;St. Helena;
CITY_St._Helena;St Helena;
PROV_Bering_Straits;Bering Straits;
PROV_Aleutian_Sea;Aleutian Sea;
PROV_Aleutian_Islands;Aleutian Islands;
PROV_Gulf_of_Alaska;Gulf of Alaska;
PROV_Hudson_Bay;Hudson Bay;
PROV_Hudson_Straits;Hudson Straits;
PROV_Sea_of_Baffin;Sea of Baffin;
PROV_Strait_of_Labrador;Strait of Labrador;
PROV_Gulf_of_Saint_Lawrence;Gulf of Saint Lawrence;
PROV_Sea_of_Labrador;Sea of Labrador;
PROV_Coast_of_Greenland;Coast of Greenland;
PROV_Coast_of_Iceland;Coast of Iceland;
PROV_Icelandic_Sea;Icelandic Sea;
PROV_Jan_Mayen_Sea;Jan Mayen Sea;
PROV_Spitzberg;Spitzberg;
PROV_Throndheim_Fjord;Throndheim Fjord;
PROV_The_Lofotens;The Lofotens;
PROV_North_Cape;North Cape;
PROV_White_Sea;White Sea;
PROV_Bay_of_Ajan;Bay of Ajan;
PROV_Bay_of_Magadan;Bay of Magadan;
PROV_Gulf_of_kolyma;Gulf of kolyma;
PROV_Bay_of_Kamenskoie;Bay of Kamenskoie;
PROV_Coast_of_Kamchatska;Coast of Kamchatska;
PROV_Cape_of_Kamchatska;Cape of Kamchatska;
PROV_Komandorski_Islands;Komandorski Islands;
PROV_Bay_of_Uka;Bay of Uka;
PROV_Bay_of_Oljut;Bay of Oljut;
PROV_Bay_of_Anadyr;Bay of Anadyr;
PROV_Western_Aleutian_Sea;Western Aleutian Sea;
PROV_Central_Aleutian_Sea;Central Aleutian Sea;
PROV_South_Aleutian_Sea;South Aleutian Sea;
PROV_Northwestern_Pacific_Ocean;Northwestern Pacific Ocean;
PROV_Northern_Pacific_Ocean;Northern Pacific Ocean;
PROV_Northwestern_Pacific_Ocean;Northwestern Pacific Ocean;
PROV_Coast_of_Oregon;Coast of Oregon;
PROV_Coast_of_Columbia;Coast of Columbia;
PROV_Cheasapeake_Bay;Cheasapeake Bay;
PROV_Massachussetts_Bay;Massachussetts Bay;
PROV_Bay_of_Fundy;Bay of Fundy;
PROV_Newfoundland_Banks;Newfoundland Banks;
PROV_Greenland_Sea;Greenland Sea;
PROV_Western_Icelandic_Sea;Western Icelandic Sea;
PROV_South_Icelandic_Sea;South Icelandic Sea;
PROV_Faeroes;Faeroes;
PROV_Shetland_Straits;Shetland Straits;
PROV_Shetlands;Shetlands;
PROV_Norwegian_Sea;Norwegian Sea;
PROV_Sea_of_Bergen;Sea of Bergen;
PROV_Sea_of_Stavanger;Sea of Stavanger;
PROV_The_Sund;The Sund;
PROV_Baltic_Sea;Baltic Sea;
PROV_Kalmar_Strait;Kalmar Strait;
PROV_Gulf_of_Riga;Gulf of Riga;
PROV_Gulf_of_Finland;Gulf of Finland;
PROV_Åland_Sea;Åland Sea;
PROV_Gulf_of_Turku;Gulf of Turku;
PROV_Gulf_of_Bothnia;Gulf of Bothnia;
PROV_Amur_Delta;Amur Delta;
PROV_Okhotsk_Sea;Okhotsk Sea;
PROV_Coast_of_Sakhalin;Coast of Sakhalin;
PROV_Tatar_Straits;Tatar Straits;
PROV_Soya_Strait;Soya Strait;
PROV_The_Kuriles;The Kuriles;
PROV_Northern_Pacific_Ocean;Northern Pacific Ocean;
PROV_Northern_Pacific_Ocean;Northern Pacific Ocean;
PROV_Northern_Pacific_Ocean;Northern Pacific Ocean;
PROV_Northern_Pacific_Ocean;Northern Pacific Ocean;
PROV_Northern_Pacific_Ocean;Northern Pacific Ocean;
PROV_Northern_Pacific_Ocean;Northern Pacific Ocean;
PROV_Northern_Pacific_Ocean;Northern Pacific Ocean;
PROV_Northern_Pacific_Ocean;Northern Pacific Ocean;
PROV_Santa_Catalina_Islands;Santa Catalina Islands;
PROV_Northern_Pacific_Ocean;Northern Pacific Ocean;
PROV_Coast_of_California;Coast of California;
PROV_Californian_Gulf;Californian Gulf;
PROV_Mazatlan_Bay;Mazatlan Bay;
PROV_Tampico_Bay;Tampico Bay;
PROV_Yucatan_Sea;Yucatan Sea;
PROV_Gulf_of_Mexico;Gulf of Mexico;
PROV_Mississippi_Bay;Mississippi Bay;
PROV_Mobile_Bay;Mobile Bay;
PROV_Cape_Canaveral;Cape Canaveral;
PROV_Coast_of_Carolina;Coast of Carolina;
PROV_Cape_Hatteras;Cape Hatteras;
PROV_Bermuda_Triangle;Bermuda Triangle;
PROV_Northern_Atlantic_Ocean;Northern Atlantic Ocean;
PROV_The_Bermudas;The Bermudas;
PROV_Northern_Atlantic_Ocean;Northern Atlantic Ocean;
PROV_Northern_Atlantic_Ocean;Northern Atlantic Ocean;
PROV_Northern_Atlantic_Ocean;Northern Atlantic Ocean;
PROV_Northern_Atlantic_Ocean;Northern Atlantic Ocean;
PROV_Northern_Atlantic_Ocean;Northern Atlantic Ocean;
PROV_Rockall;Rockall;
PROV_Finisterre;Finisterre;
PROV_Cantabrian_Sea;Cantabrian Sea;
PROV_Côte_d'Argent;Côte d'Argent;
PROV_Quiberon_Bay;Quiberon Bay;
PROV_Bay_of_Biscay;Bay of Biscay;
PROV_Western_Approaches;Western Approaches;
PROV_Coast_of_Brittany;Coast of Brittany;
PROV_Land's_End;Land's End;
PROV_Bantry_Bay;Bantry Bay;
PROV_Donegal_Bay;Donegal Bay;
PROV_Irish_Sea;Irish Sea;
PROV_Hebrides;Hebrides;
PROV_Moray_Firth;Moray Firth;
PROV_Firth_of_Forth;Firth of Forth;
PROV_The_North_Sea;The North Sea;
PROV_Tyne;Tyne;
PROV_Dogger_Bank;Dogger Bank;
PROV_The_Channel;The Channel;
PROV_Straits_of_Dover;Straits of Dover;
PROV_Coast_of_Holland;Coast of Holland;
PROV_German_Bight;German Bight;
PROV_Korea_Bay;Korea Bay;
PROV_Yellow_Sea;Yellow Sea;
PROV_South_Korean_Sea;South Korean Sea;
PROV_North_Korean_Sea;North Korean Sea;
PROV_Tsushima_Strait;Tsushima Strait;
PROV_Sado_Strait;Sado Strait;
PROV_Sea_of_Japan;Sea of Japan;
PROV_Western_Japan_Sea;Western Japan Sea;
PROV_Northern_Japan_Sea;Northern Japan Sea;
PROV_Tsugaru_Strait;Tsugaru Strait;
PROV_Taihei_Ocean;Taihei Ocean;
PROV_Taihei_Ocean;Taihei Ocean;
PROV_Northern_Pacific_Ocean;Northern Pacific Ocean;
PROV_Northern_Pacific_Ocean;Northern Pacific Ocean;
PROV_Northern_Pacific_Ocean;Northern Pacific Ocean;
PROV_Northern_Pacific_Ocean;Northern Pacific Ocean;
PROV_Midway_Island;Midway Island;
PROV_Hawaiian_Sea;Hawaiian Sea;
PROV_Northeastern_Pacific_Ocean;Northeastern Pacific Ocean;
PROV_Northeastern_Pacific_Ocean;Northeastern Pacific Ocean;
PROV_Northeastern_Pacific_Ocean;Northeastern Pacific Ocean;
PROV_Northeastern_Pacific_Ocean;Northeastern Pacific Ocean;
PROV_Manzanillo_Bay;Manzanillo Bay;
PROV_Acapulco_Bay;Acapulco Bay;
PROV_Belize_Bay;Belize Bay;
PROV_Florida_Straits;Florida Straits;
PROV_Jamaican_Sea;Jamaican Sea;
PROV_The_Bahamas;The Bahamas;
PROV_Sea_of_Sargassos;Sea of Sargassos;
PROV_Tortuga_Island;Tortuga Island;
PROV_Central_Atlantic_Ocean;Central Atlantic Ocean;
PROV_Central_Atlantic_Ocean;Central Atlantic Ocean;
PROV_Central_Atlantic_Ocean;Central Atlantic Ocean;
PROV_Central_Atlantic_Ocean;Central Atlantic Ocean;
PROV_Central_Atlantic_Ocean;Central Atlantic Ocean;
PROV_Central_Atlantic_Ocean;Central Atlantic Ocean;
PROV_Sea_of_Azores;Sea of Azores;
PROV_Central_Atlantic_Ocean;Central Atlantic Ocean;
PROV_Central_Atlantic_Ocean;Central Atlantic Ocean;
PROV_Lusitanian_Sea;Lusitanian Sea;
PROV_Gulf_of_Cadiz;Gulf of Cadiz;
PROV_Central_Atlantic_Ocean;Central Atlantic Ocean;
PROV_Straits_of_Gibraltar;Straits of Gibraltar;
PROV_Gulf_of_Almeria;Gulf of Almeria;
PROV_Gulf_of_Valencia;Gulf of Valencia;
PROV_Gulf_of_Mallorca;Gulf of Mallorca;
PROV_Barbary_Coast;Barbary Coast;
PROV_Gulf_of_Lion;Gulf of Lion;
PROV_Côte_d'Azur;Côte d'Azur;
PROV_Western_Mediterranean;Western Mediterranean;
PROV_Cape_Bon;Cape Bon;
PROV_Gulf_of_Cagliari;Gulf of Cagliari;
PROV_Ligurian_Sea;Ligurian Sea;
PROV_Tyrrenean_Sea;Tyrrenean Sea;
PROV_Bay_of_Naples;Bay of Naples;
PROV_Straits_of_Messina;Straits of Messina;
PROV_Malta_Channel;Malta Channel;
PROV_Gulf_of_Sirte;Gulf of Sirte;
PROV_Gulf_of_Taranto;Gulf of Taranto;
PROV_Gulf_of_Venice;Gulf of Venice;
PROV_Adriatic_Sea;Adriatic Sea;
PROV_Straits_of_Otranto;Straits of Otranto;
PROV_Ionian_Sea;Ionian Sea;
PROV_Gulf_of_Tobruk;Gulf of Tobruk;
PROV_Bay_of_Alexandria;Bay of Alexandria;
PROV_Coast_of_Palestine;Coast of Palestine;
PROV_Gulf_of_Cyprus;Gulf of Cyprus;
PROV_Eastern_Mediterranean;Eastern Mediterranean;
PROV_Cretan_Sea;Cretan Sea;
PROV_The_Dodecanese;The Dodecanese;
PROV_The_Cyclades;The Cyclades;
PROV_Aegean_Sea;Aegean Sea;
PROV_Sea_of_Marmara;Sea of Marmara;
PROV_Gulf_of_Varna;Gulf of Varna;
PROV_Gulf_of_Odessa;Gulf of Odessa;
PROV_Western_Black_Sea;Western Black Sea;
PROV_Eastern_Black_Sea;Eastern Black Sea;
PROV_Sea_of_Azov;Sea of Azov;
PROV_Yang_Tse_Delta;Yang Tse Delta;
PROV_Amakusa_Sea;Amakusa Sea;
PROV_Setto_Inland_Sea;Setto Inland Sea;
PROV_Tokai_Sea;Tokai Sea;
PROV_Iwo_Jima_Sea;Iwo Jima Sea;
PROV_Northwestern_Pacific_Ocean;Northwestern Pacific Ocean;
PROV_Northwestern_Pacific_Ocean;Northwestern Pacific Ocean;
PROV_Northwestern_Pacific_Ocean;Northwestern Pacific Ocean;
PROV_Northwestern_Pacific_Ocean;Northwestern Pacific Ocean;
PROV_Northwestern_Pacific_Ocean;Northwestern Pacific Ocean;
PROV_Northwestern_Pacific_Ocean;Northwestern Pacific Ocean;
PROV_Central_Pacific_Ocean;Central Pacific Ocean;
PROV_Central_Pacific_Ocean;Central Pacific Ocean;
PROV_Saint_George's_Channel;Saint George's Channel;
PROV_Northeastern_Pacific_Ocean;Northeastern Pacific Ocean;
PROV_Northeastern_Pacific_Ocean;Northeastern Pacific Ocean;
PROV_Galapagos_Islands;Galapagos Islands;
PROV_Northeastern_Pacific_Ocean;Northeastern Pacific Ocean;
PROV_Northeastern_Pacific_Ocean;Northeastern Pacific Ocean;
PROV_Northeastern_Pacific_Ocean;Northeastern Pacific Ocean;
PROV_Bay_of_Costa_Rica;Bay of Costa Rica;
PROV_Gulf_of_Panama;Gulf of Panama;
PROV_Gulf_of_Guayaquil;Gulf of Guayaquil;
PROV_Coast_of_Ecuador;Coast of Ecuador;
PROV_Mosquitos_Coast;Mosquitos Coast;
PROV_Gulf_of_Darien;Gulf of Darien;
PROV_Caribbean_Sea;Caribbean Sea;
PROV_Venezuelan_Sea;Venezuelan Sea;
PROV_Straits_of_Puerto_Rico;Straits of Puerto Rico;
PROV_Leeward_Islands;Leeward Islands;
PROV_Winward_Islands;Winward Islands;
PROV_Central_Atlantic_Ocean;Central Atlantic Ocean;
PROV_Central_Atlantic_Ocean;Central Atlantic Ocean;
PROV_Central_Atlantic_Ocean;Central Atlantic Ocean;
PROV_Central_Atlantic_Ocean;Central Atlantic Ocean;
PROV_Central_Atlantic_Ocean;Central Atlantic Ocean;
PROV_Arguin_Bank;Arguin Bank;
PROV_Central_Atlantic_Ocean;Central Atlantic Ocean;
PROV_Mauretanian_Coast;Mauretanian Coast;
PROV_Canarian_Sea;Canarian Sea;
PROV_Coast_of_Morocco;Coast of Morocco;
PROV_Gulf_of_Suez;Gulf of Suez;
PROV_Red_Sea;Red Sea;
PROV_Straits_of_Obock;Straits of Obock;
PROV_Bab_El_Mandeb;Bab El Mandeb;
PROV_Straits_of_Ormuz;Straits of Ormuz;
PROV_Coast_of_Mascate;Coast of Mascate;
PROV_Mascate_Coast;Mascate Coast;
PROV_Gulf_of_Indus;Gulf of Indus;
PROV_Western_Arabian_Sea;Western Arabian Sea;
PROV_Eastern_Arabian_Sea;Eastern Arabian Sea;
PROV_Coast_of_Gujarat;Coast of Gujarat;
PROV_Lacquedive_Islands;Lacquedive Islands;
PROV_Coast_of_Malabar;Coast of Malabar;
PROV_Coast_of_Coromandel;Coast of Coromandel;
PROV_Coast_of_Orissa;Coast of Orissa;
PROV_Ganges_Delta;Ganges Delta;
PROV_Gulf_of_Bengal;Gulf of Bengal;
PROV_Northern_Bay_of_Bengale;Northern Bay of Bengale;
PROV_Andaman_Sea;Andaman Sea;
PROV_Akyab_Bay;Akyab Bay;
PROV_Irrawady_delta;Irrawady delta;
PROV_Mergui_Archipelago;Mergui Archipelago;
PROV_Gulf_of_Siam;Gulf of Siam;
PROV_Gulf_of_Tonkin;Gulf of Tonkin;
PROV_Coast_of_Annam;Coast of Annam;
PROV_Paracel_Islands;Paracel Islands;
PROV_Taiwan_Strait;Taiwan Strait;
PROV_Strait_of_Luzon;Strait of Luzon;
PROV_Sea_of_Taiwan;Sea of Taiwan;
PROV_Eastern_China_Sea;Eastern China Sea;
PROV_Ryukyu_Islands;Ryukyu Islands;
PROV_Mariana_Islands;Mariana Islands;
PROV_Tinian_Sea;Tinian Sea;
PROV_Wake_Island;Wake Island;
PROV_Northern_Micronesia;Northern Micronesia;
PROV_Central_Pacific_Ocean;Central Pacific Ocean;
PROV_Central_Pacific_Ocean;Central Pacific Ocean;
PROV_Central_Pacific_Ocean;Central Pacific Ocean;
PROV_Central_Pacific_Ocean;Central Pacific Ocean;
PROV_Central_Pacific_Ocean;Central Pacific Ocean;
PROV_Central_Pacific_Ocean;Central Pacific Ocean;
PROV_Central_Pacific_Ocean;Central Pacific Ocean;
PROV_Coast_of_Peru;Coast of Peru;
PROV_Central_Pacific_Ocean;Central Pacific Ocean;
PROV_Juan_Fernandez_Islands;Juan Fernandez Islands;
PROV_Arica_Gulf;Arica Gulf;
PROV_Arequipa_Bay;Arequipa Bay;
PROV_Guyana_Coast;Guyana Coast;
PROV_Bay_of_Belem;Bay of Belem;
PROV_Gulf_of_the_Amazon;Gulf of the Amazon;
PROV_Central_Atlantic_Ocean;Central Atlantic Ocean;
PROV_Coast_of_Brazil;Coast of Brazil;
PROV_South_Central_Atlantic_Ocean;South Central Atlantic Ocean;
PROV_Coast_of_Recife;Coast of Recife;
PROV_Coast_of_Pernambuc;Coast of Pernambuc;
PROV_Todos_Santos_Bay;Todos Santos Bay;
PROV_Rio_de_Janeiro;Rio de Janeiro;
PROV_Southern_Atlantic_Ocean;Southern Atlantic Ocean;
PROV_Southern_Atlantic_Ocean;Southern Atlantic Ocean;
PROV_South_Central_Atlantic_Ocean;South Central Atlantic Ocean;
PROV_South_Central_Atlantic_Ocean;South Central Atlantic Ocean;
PROV_South_Central_Atlantic_Ocean;South Central Atlantic Ocean;
PROV_Cape_Verde_Islands;Cape Verde Islands;
PROV_South_Central_Atlantic_Ocean;South Central Atlantic Ocean;
PROV_South_Central_Atlantic_Ocean;South Central Atlantic Ocean;
PROV_Southern_Atlantic_Ocean;Southern Atlantic Ocean;
PROV_Ascension_Island;Ascension Island;
PROV_South_Central_Atlantic_Ocean;South Central Atlantic Ocean;
PROV_Gorée_Island;Gorée Island;
PROV_Coast_of_Gambia;Coast of Gambia;
PROV_Gold_Coast;Gold Coast;
PROV_Gulf_of_Nigeria;Gulf of Nigeria;
PROV_Gulf_of_Guinea;Gulf of Guinea;
PROV_Coast_of_Cameroon;Coast of Cameroon;
PROV_Coast_of_Pepper;Coast of Pepper;
PROV_Horn_of_Africa;Horn of Africa;
PROV_Socotra_Island;Socotra Island;
PROV_Oman_Sea;Oman Sea;
PROV_The_Maldives;The Maldives;
PROV_Comorin_Cape;Comorin Cape;
PROV_Ceylon_Sea;Ceylon Sea;
PROV_Coast_of_Trincomalee;Coast of Trincomalee;
PROV_Bay_of_Bengale;Bay of Bengale;
PROV_Central_Indian_Ocean;Central Indian Ocean;
PROV_Straits_of_Malacca;Straits of Malacca;
PROV_Coast_of_Sumatra;Coast of Sumatra;
PROV_Straits_of_Johore;Straits of Johore;
PROV_Malayan_Sea;Malayan Sea;
PROV_South_China_Sea;South China Sea;
PROV_Balabac_Strait;Balabac Strait;
PROV_South_China_Sea;South China Sea;
PROV_Sulu_Sea;Sulu Sea;
PROV_Gulf_of_Leyte;Gulf of Leyte;
PROV_Coast_of_Luzon;Coast of Luzon;
PROV_North_Philippine_Sea;North Philippine Sea;
PROV_Yap_Island;Yap Island;
PROV_Philippine_Sea;Philippine Sea;
PROV_Palau_Island;Palau Island;
PROV_Mariana_Sea;Mariana Sea;
PROV_Caroline_Islands;Caroline Islands;
PROV_Micronesian_Sea;Micronesian Sea;
PROV_Marshall_Islands;Marshall Islands;
PROV_Gilbert_Islands;Gilbert Islands;
PROV_Fiji_Islands;Fiji Islands;
PROV_Samoan_Sea;Samoan Sea;
PROV_Samoa_Islands;Samoa Islands;
PROV_Society_Islands;Society Islands;
PROV_South_Pacific_Ocean;South Pacific Ocean;
PROV_South_Pacific_Ocean;South Pacific Ocean;
PROV_Coast_of_Chile;Coast of Chile;
PROV_Coast_of_Patagonia;Coast of Patagonia;
PROV_Southern_Atlantic_Ocean;Southern Atlantic Ocean;
PROV_Southern_Atlantic_Ocean;Southern Atlantic Ocean;
PROV_Southern_Atlantic_Ocean;Southern Atlantic Ocean;
PROV_Rio_de_La_Plata;Rio de La Plata;
PROV_Southern_Atlantic_Ocean;Southern Atlantic Ocean;
PROV_Southern_Atlantic_Ocean;Southern Atlantic Ocean;
PROV_Southern_Atlantic_Ocean;Southern Atlantic Ocean;
PROV_Southern_Atlantic_Ocean;Southern Atlantic Ocean;
PROV_St._Helena_Island;St. Helena Island;
PROV_South_Pacific_Ocean;South Pacific Ocean;
PROV_Southern_Atlantic_Ocean;Southern Atlantic Ocean;
PROV_Rio_Muni;Rio Muni;
PROV_Gulf_of_Congo;Gulf of Congo;
PROV_Coast_of_Angola;Coast of Angola;
PROV_Mozambica_Channel;Mozambica Channel;
PROV_Rufiji_Delta;Rufiji Delta;
PROV_Zanzibar_Strait;Zanzibar Strait;
PROV_Gulf_of_Zambeze;Gulf of Zambeze;
PROV_The_Comores;The Comores;
PROV_Central_Indian_Ocean;Central Indian Ocean;
PROV_Central_Indian_Ocean;Central Indian Ocean;
PROV_The_Seychelles;The Seychelles;
PROV_Central_Indian_Ocean;Central Indian Ocean;
PROV_Central_Indian_Ocean;Central Indian Ocean;
PROV_Central_Indian_Ocean;Central Indian Ocean;
PROV_Central_Indian_Ocean;Central Indian Ocean;
PROV_Diego_Garcia_Island;Diego Garcia Island;
PROV_Central_Indian_Ocean;Central Indian Ocean;
PROV_Central_Indian_Ocean;Central Indian Ocean;
PROV_Central_Indian_Ocean;Central Indian Ocean;
PROV_Central_Indian_Ocean;Central Indian Ocean;
PROV_Central_Indian_Ocean;Central Indian Ocean;
PROV_Central_Indian_Ocean;Central Indian Ocean;
PROV_Central_Indian_Ocean;Central Indian Ocean;
PROV_Central_Indian_Ocean;Central Indian Ocean;
PROV_Straits_of_Sunda;Straits of Sunda;
PROV_Coast_of_Surabaja;Coast of Surabaja;
PROV_Coast_of_Sarawak;Coast of Sarawak;
PROV_Java_Sea;Java Sea;
PROV_Timor_Sea;Timor Sea;
PROV_Strait_of_Makassar;Strait of Makassar;
PROV_Sea_of_Celebes;Sea of Celebes;
PROV_North_West_Cape;North West Cape;
PROV_The_Moluccas;The Moluccas;
PROV_Sea_of_Java;Sea of Java;
PROV_Sea_of_Java;Sea of Java;
PROV_Timor_Sea;Timor Sea;
PROV_Tanimbar_Islands;Tanimbar Islands;
PROV_Sorong_Strait;Sorong Strait;
PROV_Straits_of_Torres;Straits of Torres;
PROV_New_Guinea_Coast;New Guinea Coast;
PROV_Sea_of_Banda;Sea of Banda;
PROV_Sea_of_Ternate;Sea of Ternate;
PROV_Coast_of_New_Zealand;Coast of New Zealand;
PROV_Biak_Bay;Biak Bay;
PROV_Viliaz_Strait;Viliaz Strait;
PROV_Melanesian_Sea;Melanesian Sea;
PROV_Melanesia;Melanesia;
PROV_Trobriand_Islands;Trobriand Islands;
PROV_Louisiade_Archipelago;Louisiade Archipelago;
PROV_Nauru_Island;Nauru Island;
PROV_The_Solomons;The Solomons;
PROV_Gilbert_Sea;Gilbert Sea;
PROV_South_Pacific_Ocean;South Pacific Ocean;
PROV_South_Pacific_Ocean;South Pacific Ocean;
PROV_South_Pacific_Ocean;South Pacific Ocean;
PROV_South_Pacific_Ocean;South Pacific Ocean;
PROV_South_Pacific_Ocean;South Pacific Ocean;
PROV_South_Pacific_Ocean;South Pacific Ocean;
PROV_Magellan_Strait;Magellan Strait;
PROV_Cape_Horn;Cape Horn;
PROV_Patagonian_Sea;Patagonian Sea;
PROV_Southern_Atlantic_Ocean;Southern Atlantic Ocean;
PROV_Falkland_Islands;Falkland Islands;
PROV_New_Georgia_Island;New Georgia Island;
PROV_South_Atlantic_Ocean;South Atlantic Ocean;
PROV_Southern_Atlantic_Ocean;Southern Atlantic Ocean;
PROV_Tristan_da_Cunha_Island;Tristan da Cunha Island;
PROV_Southern_Atlantic_Ocean;Southern Atlantic Ocean;
PROV_Southern_Atlantic_Ocean;Southern Atlantic Ocean;
PROV_Walvis_Bay;Walvis Bay;
PROV_Coast_of_Namibia;Coast of Namibia;
PROV_Cape_of_Good_Hope;Cape of Good Hope;
PROV_Coast_of_Natal;Coast of Natal;
PROV_Southern_Indian_Ocean;Southern Indian Ocean;
PROV_Southern_Indian_Ocean;Southern Indian Ocean;
PROV_Southern_Indian_Ocean;Southern Indian Ocean;
PROV_Southern_Indian_Ocean;Southern Indian Ocean;
PROV_Southern_Indian_Ocean;Southern Indian Ocean;
PROV_Southern_Indian_Ocean;Southern Indian Ocean;
PROV_Central_Indian_Ocean;Central Indian Ocean;
PROV_Central_Indian_Ocean;Central Indian Ocean;
PROV_Central_Indian_Ocean;Central Indian Ocean;
PROV_Australian_Sea;Australian Sea;
PROV_Australian_Sea;Australian Sea;
PROV_Western_Australian_Coast;Western Australian Coast;
PROV_Shark_Bay;Shark Bay;
PROV_Coast_of_New_Holland;Coast of New Holland;
PROV_Cape_Leeuwin;Cape Leeuwin;
PROV_Recherche_Archipelago;Recherche Archipelago;
PROV_Great_Australian_Bight;Great Australian Bight;
PROV_Kangaroo_Island;Kangaroo Island;
PROV_Eastern_Australia;Eastern Australia;
PROV_Sandy_Cape;Sandy Cape;
PROV_Capricorn_Channel;Capricorn Channel;
PROV_Coral_Sea;Coral Sea;
PROV_South_Coral_Sea;South Coral Sea;
PROV_South_Coral_Sea;South Coral Sea;
PROV_New_Caledonian_Sea;New Caledonian Sea;
PROV_South_Coral_Sea;South Coral Sea;
PROV_Cape_Farewell;Cape Farewell;
PROV_South_Coral_Sea;South Coral Sea;
PROV_South_Pacific_Ocean;South Pacific Ocean;
PROV_South_Pacific_Ocean;South Pacific Ocean;
PROV_South_Pacific_Ocean;South Pacific Ocean;
PROV_South_Pacific_Ocean;South Pacific Ocean;
PROV_South_Pacific_Ocean;South Pacific Ocean;
PROV_South_Pacific_Ocean;South Pacific Ocean;
PROV_South_Pacific_Ocean;South Pacific Ocean;
PROV_Southern_Atlantic_Ocean;Southern Atlantic Ocean;
PROV_Southern_Atlantic_Ocean;Southern Atlantic Ocean;
PROV_Southern_Atlantic_Ocean;Southern Atlantic Ocean;
PROV_Southern_Atlantic_Ocean;Southern Atlantic Ocean;
PROV_Southern_Atlantic_Ocean;Southern Atlantic Ocean;
PROV_Cape_of_Storms;Cape of Storms;
PROV_South_Indian_Ocean;South Indian Ocean;
PROV_Southern_Indian_Ocean;Southern Indian Ocean;
PROV_Southern_Indian_Ocean;Southern Indian Ocean;
PROV_Southern_Indian_Ocean;Southern Indian Ocean;
PROV_The_Roaring_Forties;The Roaring Forties;
PROV_Southern_Indian_Ocean;Southern Indian Ocean;
PROV_Southern_Indian_Ocean;Southern Indian Ocean;
PROV_Southern_Indian_Ocean;Southern Indian Ocean;
PROV_Southern_Indian_Ocean;Southern Indian Ocean;
PROV_Southern_Indian_Ocean;Southern Indian Ocean;
PROV_Southern_Indian_Ocean;Southern Indian Ocean;
PROV_Southern_Indian_Ocean;Southern Indian Ocean;
PROV_Southern_Indian_Ocean;Southern Indian Ocean;
PROV_Southern_Indian_Ocean;Southern Indian Ocean;
PROV_Southern_Indian_Ocean;Southern Indian Ocean;
PROV_Southern_Indian_Ocean;Southern Indian Ocean;
PROV_Southern_Indian_Ocean;Southern Indian Ocean;
PROV_Bass_Strait;Bass Strait;
PROV_Cape_Howe;Cape Howe;
PROV_Tasman_Sea;Tasman Sea;
PROV_Tasman_Sea;Tasman Sea;
PROV_Tasman_Sea;Tasman Sea;
PROV_Tasman_Sea;Tasman Sea;
PROV_Cook_Strait;Cook Strait;
PROV_South_Pacific_Ocean;South Pacific Ocean;
PROV_South_Pacific_Ocean;South Pacific Ocean;
PROV_Ocean;Ocean;
PROV_Ocean;Ocean;
PROV_The_Mascareignes;The Mascareignes;
PROV_Coast_of_Tamatave;Coast of Tamatave;
PROV_Diego_Suarez_Bay;Diego Suarez Bay;
PROV_Northern_Caspian_Sea;Northern Caspian Sea;
PROV_Southern_Caspian_Sea;Southern Caspian Sea;
PROV_Coast_of_Ciskei;Coast of Ciskei;
PROV_Table_Bay;Table Bay;
PROV_Southern_Atlantic_Ocean;Southern Atlantic Ocean;
PROV_Saint_George's_Channel;Saint George's Channel;
PROV_Central_Pacific_Ocean;Central Pacific Ocean;
PROV_South_Pacific_Ocean;South Pacific Ocean;
PROV_Southern_Atlantic_Ocean;Southern Atlantic Ocean;
PROV_Bahia_Blanca;Bahia Blanca;
PROV_Easter_Island;Easter Island;
PROV_Milne_Bay;Milne Bay;
PROV_Great_Barrier_Reef;Great Barrier Reef;
PROV_Papuan_Coast;Papuan Coast;
PROV_Kolepom_Bay;Kolepom Bay;
PROV_Arafuan_Sea;Arafuan Sea;
PROV_Gulf_of_Carpentaria;Gulf of Carpentaria;
PROV_King_Sound;King Sound;
PROV_South_Timor_Sea;South Timor Sea;
PROV_Timor_Sea;Timor Sea;
PROV_Sea_of_Timor;Sea of Timor;
PROV_Straits_of_Lombok;Straits of Lombok;
PROV_Ocean;Ocean;
PROV_Sea_of_Palawan;Sea of Palawan;
PROV_Coast_of_Brunei;Coast of Brunei;
PROV_Cam_Rah_Bay;Cam Rah Bay;
PROV_Manilla_Bay;Manilla Bay;
PROV_Karimata_Strait;Karimata Strait;
PROV_Coast_of_Java;Coast of Java;
PROV_Christmas_Island;Christmas Island;
PROV_Mekong_Delta;Mekong Delta;
PROV_Nicobar_Islands;Nicobar Islands;
PROV_Coast_of_Ajeh;Coast of Ajeh;
PROV_Western_Oman_Sea;Western Oman Sea;
PROV_Coast_of_Transkei;Coast of Transkei;
PROV_Lake_Ladoga;Lake Ladoga;
PROV_The_Skagerack;The Skagerack;
PROV_Persian_Gulf;Persian Gulf;
PROV_Atacama_Coast;Atacama Coast;
PROV_Ivory_Coast;Ivory Coast;
PROV_Southern_Atlantic_Ocean;Southern Atlantic Ocean;
PROV_Southern_Atlantic_Ocean;Southern Atlantic Ocean;
PROV_Central_Atlantic_Ocean;Central Atlantic Ocean;
PROV_Lake_Ontario;Lake Ontario;
PROV_Lake_Erie;Lake Erie;
PROV_Lake_Michigan;Lake Michigan;
PROV_Lake_Superior;Lake Superior;
PROV_Tampa_Bay;Tampa Bay;
PROV_South_Chilean_Coast;South Chilean Coast;
PROV_Greater_Antillas;Greater Antillas;
PROV_Southern_Atlantic_Ocean;Southern Atlantic Ocean;
PROV_Southern_Atlantic_Ocean;Southern Atlantic Ocean;
PROV_Lesser_Antillas;Lesser Antillas;
PROV_Columbia_River;Columbia River;
PROV_Sacramento_River;Sacramento River;
PROV_Colorado_River;Colorado River;
PROV_Rio_Grande_River;Rio Grande River;
PROV_Matagorda_River;Matagorda River;
PROV_Murray_River;Murray River;
PROV_Savannah_River;Savannah River;
PROV_Charles_River;Charles River;
PROV_Santee_River;Santee River;
PROV_James_River;James River;
PROV_Ganges_River;Ganges River;
PROV_Volga_River;Volga River;
PROV_Danube_River;Danube River;
PROV_Connecticut_River;Connecticut River;
PROV_Kenebec_River;Kenebec River;
PROV_Red_River;Red River;
PROV_Ste._Croix_River;Ste. Croix River;
PROV_St._John_River;St. John River;
PROV_Lake_Constance;Lake Constance;
PROV_Athabasca_River;Athabasca River;
PROV_Orinoco_River;Orinoco River;
PROV_Maroni_River;Maroni River;
PROV_Rhine_River;Rhine River;
PROV_Parana_River;Parana River;
PROV_Orange_River;Orange River;
PROV_Great_Fish_River;Great Fish River;
PROV_Limpopo_River;Limpopo River;
PROV_Zambeze_River;Zambeze River;
PROV_Congo_River;Congo River;
PROV_Rufiji_River;Rufiji River;
PROV_Ougawe_River;Ougawe River;
PROV_Niger_River;Niger River;
PROV_Nile_River;Nile River;
PROV_Senegal_River;Senegal River;
PROV_Tajo_River;Tajo River;
PROV_Ebro_River;Ebro River;
PROV_Garonne_River;Garonne River;
PROV_Rhône_River;Rhône River;
PROV_Loire_River;Loire River;
PROV_Seine_River;Seine River;
PROV_Pô_River;Pô River;
PROV_Maas_River;Maas River;
PROV_Panaima_River;Panaima River;
PROV_Thames_River;Thames River;
PROV_Weser_River;Weser River;
PROV_Elbe_River;Elbe River;
PROV_Oder_River;Oder River;
PROV_Vistula_River;Vistula River;
PROV_Amazon_River;Amazon River;
PROV_Dniester_River;Dniester River;
PROV_Dvina_River;Dvina River;
PROV_Dniepr_River;Dniepr River;
PROV_Sakarya_River;Sakarya River;
PROV_Kizil_River;Kizil River;
PROV_Ran_River;Ran River;
PROV_Saguenay_River;Saguenay River;
PROV_Donets_River;Donets River;
PROV_Susquehanna_River;Susquehanna River;
PROV_Jordan_River;Jordan River;
PROV_Ural_River;Ural River;
PROV_Irtych_River;Irtych River;
PROV_Ob_River;Ob River;
PROV_Ienissei_River;Ienissei River;
PROV_Lake_Baikal_&_Selenga_River;Lake Baikal & Selenga River;
PROV_Indus_River;Indus River;
PROV_Hudson_River;Hudson River;
PROV_Amur_River;Amur River;
PROV_Yalu_River;Yalu River;
PROV_Houang_Ho_River;Houang Ho River;
PROV_Yang_Tse_River;Yang Tse River;
PROV_Pearl_River;Pearl River;
PROV_Mississippi_&_Ohio_Rivers;Mississippi & Ohio Rivers;
PROV_Mahakan_River;Mahakan River;
PROV_Kahajan_River;Kahajan River;
PROV_Lake_Tiberiade;Lake Tiberiade;
PROV_Dead_Sea;Dead Sea;
PROV_Lake_Peipus;Lake Peipus;
PROV_Mekong_River;Mekong River;
PROV_Fraser_River;Fraser River;
PROV_Mälaren;Mälaren;
PROV_Hjälmaren;Hjälmaren;
PROV_Lake_Vänern;Lake Vänern;
PROV_Lake_Vättern;Lake Vättern;
PROV_Lake_Geneva;Lake Geneva;
PROV_Niagara_Falls;Niagara Falls;
PROV_Great_Rapid_River;Great Rapid River;
PROV_Illinois_River;Illinois River;
PROV_Iceland;Iceland;
CITY_Iceland;Reykjavik;
PROV_Nagorje;Nagorje;
CITY_Nagorje;Nagorje;
PROV_Khretset;Khretset;
CITY_Khretset;Khretset;
PROV_Gästrikland;Gästrikland;
CITY_Gästrikland;Gävle;
PROV_Karelia;Karelia;
CITY_Karelia;Kalevala;
PROV_Alabama_River;Alabama River;
PROV_St.Lawrence_River;St.Lawrence River;
PROV_Oregon;Oregon;
CITY_Oregon;Oregon;
PROV_Sierra_Nevada;Sierra Nevada;
CITY_Sierra_Nevada;Sierra Nevada;
PROV_Tonopah;Tonopah;
CITY_Tonopah;Tonopah;
PROV_Inyo;Inyo;
CITY_Inyo;Inyo;
PROV_Utah;Utah;
CITY_Utah;Utah;
PROV_Moab;Moab;
CITY_Moab;Moab;
PROV_Colorado;Colorado;
CITY_Colorado;Colorado;
PROV_Llano_Estacado;Llano Estacado;
CITY_Llano_Estacado;Spiro;
PROV_Oklahoma;Oklahoma;
CITY_Oklahoma;Cahokia;
PROV_Montaña;Montaña;
CITY_Montaña;Montaña;
PROV_Atalaya;Atalaya;
CITY_Atalaya;Atalaya;
PROV_Manu;Manu;
CITY_Manu;Manu;
PROV_Pampas_del_Norte;Pampas del Norte;
CITY_Pampas_del_Norte;Chacabuco;
PROV_Pampas_del_Sur;Pampas del Sur;
CITY_Pampas_del_Sur;Santa Rosa;
PROV_Awdaghost;Awdaghost;
CITY_Awdaghost;Awdaghost;
PROV_Walata;Walata;
CITY_Walata;Walata;
PROV_Jenné;Jenné;
CITY_Jenné;Jenne;
PROV_Bambuk;Bambuk;
CITY_Bambuk;Bambuk;
PROV_Segu;Segu;
CITY_Segu;Bobo;
PROV_Niani;Niani;
CITY_Niani;Begho;
PROV_Mossi;Mossi;
CITY_Mossi;Kumasi;
PROV_Buré;Buré;
CITY_Buré;Buré;
PROV_Timbuktu;Timbuktu;
CITY_Timbuktu;Timbuktu;
PROV_Gao;Gao;
CITY_Gao;Gao;
PROV_Say;Say;
CITY_Say;Say;
PROV_Begho;Begho;
CITY_Begho;Abomey;
PROV_Zaria;Zaria;
CITY_Zaria;Sokoto;
PROV_Oye;Oye;
CITY_Oye;Benin;
PROV_Kano;Kano;
CITY_Kano;Kano;
PROV_Nupa;Nupa;
CITY_Nupa;Nupa;
PROV_Teke;Teke;
CITY_Teke;Teke;
PROV_Ngoyo;Ngoyo;
CITY_Ngoyo;Ngoyo;
PROV_Ndongo;Ndongo;
CITY_Ndongo;Ndongo;
PROV_Congo;Congo;
CITY_Congo;Mbanza Kongo;
PROV_Chibuene;Chibuene;
CITY_Chibuene;Sena;
PROV_Sofala;Sofala;
CITY_Sofala;Sofala;
PROV_Zimbabwe;Zimbabwe;
CITY_Zimbabwe;Zimbabwe;
PROV_Rozwi;Rozwi;
CITY_Rozwi;Zumbo;
PROV_Nembire;Nembire;
CITY_Nembire;Tete;
PROV_Morogoro;Morogoro;
CITY_Morogoro;Morogoro;
PROV_Arusha;Arusha;
CITY_Arusha;Arusha;
PROV_Galana;Galana;
CITY_Galana;Galana;
PROV_Tana;Tana;
CITY_Tana;Tana;
PROV_Welo;Welo;
CITY_Welo;Welo;
PROV_Shewa;Shewa;
CITY_Shewa;Axum;
PROV_Arsi;Arsi;
CITY_Arsi;Awsi;
PROV_Harerge;Harerge;
CITY_Harerge;Harer;
PROV_Chandigarh;Chandigarh;
CITY_Chandigarh;Chandigarh;
PROV_Panjab;Panjab;
CITY_Panjab;Lahore;
PROV_Bikaner;Bikaner;
CITY_Bikaner;Bikaner;
PROV_Thar;Thar;
CITY_Thar;Multan;
PROV_Quetta;Quetta;
CITY_Quetta;Quetta;
PROV_Qandahar;Qandahar;
CITY_Qandahar;Qandahar;
PROV_Zahedan;Zahedan;
CITY_Zahedan;Zabol;
PROV_Kabul;Kabul;
CITY_Kabul;Kabul;
PROV_Kushka;Kushka;
CITY_Kushka;Farah;
PROV_Birjand;Birjand;
CITY_Birjand;Birjand;
PROV_Khorasan;Khorasan;
CITY_Khorasan;Mashhad;
PROV_Herat;Herat;
CITY_Herat;Herat;
PROV_Bukhara;Bukhara;
CITY_Bukhara;Bukhara;
PROV_Khiva;Khiva;
CITY_Khiva;Khiva;
PROV_Kyzylkum;Kyzylkum;
CITY_Kyzylkum;Kirgis;
PROV_Karsak;Karsak;
CITY_Karsak;Karsak;
PROV_Nura;Nura;
CITY_Nura;Nura;
PROV_Vestbygden;Vestbygden;
CITY_Vestbygden;Lusyfjord;
PROV_Eiriksfjord;Eiriksfjord;
CITY_Eiriksfjord;Gardar;
PROV_Nepal;Nepal;
CITY_Nepal;Darjeeling;
PROV_Gangdise;Gangdise;
CITY_Gangdise;Tashilumpo;
PROV_Kunlun;Kunlun;
CITY_Kunlun;Leh;
PROV_Dangla;Dangla;
CITY_Dangla;Chamdo;
PROV_Lhasa;Lhasa;
CITY_Lhasa;Lhasa;
PROV_Sichuan;Sichuan;
CITY_Sichuan;Sichuan;
PROV_Kachin;Kachin;
CITY_Kachin;Dali;
PROV_Assam;Assam;
CITY_Assam;Sylhet;
PROV_Mandalay;Mandalay;
CITY_Mandalay;Ava;
PROV_Shan;Shan;
CITY_Shan;Dengyue;
PROV_Bago;Bago;
CITY_Bago;Taungu;
PROV_Lampang;Lampang;
CITY_Lampang;Lampang;
PROV_Sarakham;Sarakham;
CITY_Sarakham;Vientiane;
PROV_Mekong;Mekong;
CITY_Mekong;Luangphrabang;
PROV_Yunnan;Yunnan;
CITY_Yunnan;Kunming;
PROV_Lao_Cai;Lao Cai;
CITY_Lao_Cai;Lao Cai;
PROV_Wenshan;Wenshan;
CITY_Wenshan;Wenshan;
PROV_Guizhou;Guizhou;
CITY_Guizhou;Guiyang;
PROV_Sichuan_Pendi;Sichuan Pendi;
CITY_Sichuan_Pendi;Chengdu;
PROV_Lanzhou;Lanzhou;
CITY_Lanzhou;Lanzhou;
PROV_Xining;Xining;
CITY_Xining;Xining;
PROV_Ningxia;Ningxia;
CITY_Ningxia;Yinchuan;
PROV_Hohhot;Hohhot;
CITY_Hohhot;Hohhot;
PROV_Shanxi;Shanxi;
CITY_Shanxi;Taiyuan;
PROV_Shaanxi;Shaanxi;
CITY_Shaanxi;Xi'an;
PROV_Henan;Henan;
CITY_Henan;Zhengzhou;
PROV_Hubei;Hubei;
CITY_Hubei;Wuhan;
PROV_Hunan;Hunan;
CITY_Hunan;Changsha;
PROV_Nanchang;Nanchang;
CITY_Nanchang;Nanchang;
PROV_Bermuda;Bermuda;
CITY_Bermuda;Bermuda;
PROV_Bahamas;Bahamas;
CITY_Bahamas;Key West;
PROV_Sadrinsk;Sadrinsk;
CITY_Sadrinsk;Sadrinsk;
PROV_Jalutorovsk;Jalutorovsk;
CITY_Jalutorovsk;Jalutorovsk;
PROV_Nefedova;Nefedova;
CITY_Nefedova;Nefedova;
PROV_Tobolsk;Tobolsk;
CITY_Tobolsk;Tobolsk;
PROV_Demjanskoje;Demjanskoje;
CITY_Demjanskoje;Demjanskoje;
PROV_Sergino;Sergino;
CITY_Sergino;Sergino;
PROV_Manskijisk;Manskijisk;
CITY_Manskijisk;Mansijisk;
PROV_Vakhovska;Vakhovska;
CITY_Vakhovska;Vakhovska;
PROV_Surgut;Surgut;
CITY_Surgut;Surgut;
PROV_Pimsk;Pimsk;
CITY_Pimsk;Pimsk;
PROV_Igrim;Igrim;
CITY_Igrim;Igrim;
PROV_Berezov;Berezov;
CITY_Berezov;Berezov;
PROV_Kondinsk;Kondinsk;
CITY_Kondinsk;Kondinsk;
PROV_Obdorsk;Obdorsk;
CITY_Obdorsk;Obdorsk;
PROV_Saleharo;Saleharo;
CITY_Saleharo;Saleharo;
PROV_Obskaja_Guba;Obskaja Guba;
PROV_Kamcatka;Kamcatka;
CITY_Kamcatka;Kamcatka;
PROV_Sredny_Hrebet;Sredny Hrebet;
CITY_Sredny_Hrebet;Sredny Hrebet;
PROV_Gonder;Gonder;
CITY_Gonder;Gonder;
PROV_Kefa;Kefa;
CITY_Kefa;Kefa;
PROV_Bale;Bale;
CITY_Bale;Bale;
PROV_Surkhandarya;Surkhandarya;
CITY_Surkhandarya;Termez;
PROV_Samarkand;Samarkand;
CITY_Samarkand;Samarkand;
PROV_Aral_Sea;Aral Sea;
PROV_Uzbek;Uzbek;
CITY_Uzbek;Otrar;
PROV_Anti_Atlas;Anti Atlas;
CITY_Anti_Atlas;Anti Atlas;
PROV_Mdennan;Mdennan;
CITY_Mdennan;Mdennah;
PROV_Azaouad;Azaouad;
CITY_Azaouad;Azaouad;
PROV_Tadjikistan;Tadjikistan;
CITY_Tadjikistan;Kokand;
PROV_Kirgisistan;Kirgisistan;
CITY_Kirgisistan;Bishkek;
PROV_Tian_Shan;Tian Shan;
CITY_Tian_Shan;Kashgar;
PROV_Dsungaria;Dsungaria;
CITY_Dsungaria;Akhsi;
PROV_Bogda_Shan;Bogda Shan;
CITY_Bogda_Shan;Kucha;
PROV_Chagatai;Chagatai;
CITY_Chagatai;Kara Shahr;
PROV_Urumqi;Urumqi;
CITY_Urumqi;Turfan;
PROV_Qaidam_Pendi;Qaidam Pendi;
CITY_Qaidam_Pendi;Dagur;
PROV_Xinjiang;Xinjiang;
CITY_Xinjiang;Turpan;
PROV_Qinghai;Qinghai;
CITY_Qinghai;Gangri;
PROV_Qilian_Pendi;Qilian Pendi;
CITY_Qilian_Pendi;Zhangye;
PROV_Kastamonu;Kastamonu;
CITY_Kastamonu;Kastamonu;
PROV_Antalya;Antalya;
CITY_Antalya;Antalya;
PROV_Taurus;Taurus;
CITY_Taurus;Larende;
PROV_Schwyz;Schwyz;
CITY_Schwyz;Zürich;
PROV_Coast_of_Rhodes;Coast of Rhodes;
PROV_Dummy;Dummy;
PROV_Filler;Filler;
CITY_Filler;Filler;
PROV_Filler;Filler;
CITY_Filler;Filler;
PROV_Filler;Filler;
CITY_Filler;Filler;
PROV_Filler;Filler;
CITY_Filler;Filler;
PROV_Filler;Filler;
CITY_Filler;Filler;
PROV_Filler;Filler;
CITY_Filler;Filler;
PROV_Filler;Filler;
CITY_Filler;Filler;
PROV_Filler;Filler;
CITY_Filler;Filler;
PROV_Filler;Filler;
CITY_Filler;Filler;
PROV_Filler;Filler;
CITY_Filler;Filler;
PROV_Filler;Filler;
CITY_Filler;Filler;
PROV_Filler;Filler;
CITY_Filler;Filler;
PROV_Filler;Filler;
CITY_Filler;Filler;
PROV_Filler;Filler;
CITY_Filler;Filler;
PROV_Filler;Filler;
CITY_Filler;Filler;
PROV_Filler;Filler;
CITY_Filler;Filler;
PROV_Filler;Filler;
CITY_Filler;Filler;
PROV_Filler;Filler;
CITY_Filler;Filler;
PROV_Filler;Filler;
CITY_Filler;Filler;
PROV_Filler;Filler;
CITY_Filler;Filler;
PROV_Filler;Filler;
CITY_Filler;Filler;
PROV_Filler;Filler;
CITY_Filler;Filler;
PROV_Filler;Filler;
CITY_Filler;Filler;
PROV_Filler;Filler;
CITY_Filler;Filler;
PROV_Filler;Filler;
CITY_Filler;Filler;
PROV_Filler_Borneo;Filler Borneo;
CITY_Filler_Borneo;Filler Borneo;
PROV_FillerGreen;FillerGreen;
CITY_FillerGreen;FillerGreen;
PROV_;;
CITY_;;
PROV_;;
CITY_;;
PROV_;;
CITY_;;
PROV_;;
CITY_;;
PROV_;;
CITY_;;
PROV_;;
CITY_;;
PROV_;;
CITY_;;
PROV_;;
CITY_;;
PROV_;;
CITY_;;
PROV_;;
CITY_;;
PROV_;;
CITY_;;
PROV_;;
CITY_;;
PROV_;;
CITY_;;
PROV_;;
CITY_;;
PROV_;;
CITY_;;
PROV_;;
CITY_;;
PROV_;;
CITY_;;
PROV_;;
CITY_;;
PROV_;;
CITY_;;
PROV_;;
CITY_;;
PROV_;;
CITY_;;
PROV_;;
CITY_;;
PROV_;;
CITY_;;
PROV_;;
CITY_;;
PROV_;;
CITY_;;
PROV_;;
CITY_;;
PROV_;;
CITY_;;
PROV_;;
CITY_;;
PROV_;;
CITY_;;
PROV_;;
CITY_;;
PROV_;;
CITY_;;
PROV_;;
CITY_;;
PROV_;;
CITY_;;
PROV_;;
CITY_;;
PROV_;;
CITY_;;
PROV_;;
CITY_;;
PROV_;;
CITY_;;
PROV_;;
CITY_;;
PROV_;;
CITY_;;
PROV_;;
CITY_;;
PROV_;;
CITY_;;
PROV_;;
CITY_;;
PROV_;;
CITY_;;
PROV_;;
CITY_;;
PROV_;;
CITY_;;
PROV_;;
CITY_;;
PROV_;;
CITY_;;
PROV_;;
CITY_;;
PROV_;;
CITY_;;
PROV_;;
CITY_;;
PROV_;;
CITY_;;
PROV_;;
CITY_;;
PROV_;;
CITY_;;
PROV_;;
CITY_;;
PROV_;;
CITY_;;
PROV_;;
CITY_;;
PROV_;;
CITY_;;
PROV_;;
CITY_;;
PROV_;;
CITY_;;
PROV_;;
CITY_;;
PROV_;;
CITY_;;
PROV_;;
CITY_;;
PROV_;;
CITY_;;
PROV_;;
CITY_;;
PROV_;;
CITY_;;
PROV_;;
CITY_;;
PROV_;;
CITY_;;
PROV_;;
CITY_;;
PROV_;;
CITY_;;
PROV_;;
CITY_;;
PROV_;;
CITY_;;
PROV_;;
CITY_;;
PROV_;;
CITY_;;
PROV_;;
CITY_;;
PROV_;;
CITY_;;
PROV_;;
CITY_;;
PROV_;;
CITY_;;
PROV_;;
CITY_;;
PROV_;;
CITY_;;
PROV_;;
CITY_;;
PROV_;;
CITY_;;
PROV_;;
CITY_;;
PROV_;;
CITY_;;
PROV_;;
CITY_;;
PROV_;;
CITY_;;
PROV_;;
CITY_;;
PROV_;;
CITY_;;
PROV_;;
CITY_;;
PROV_;;
CITY_;;
PROV_;;
CITY_;;
PROV_;;
CITY_;;
PROV_;;
CITY_;;
PROV_;;
CITY_;;
PROV_;;
CITY_;;
PROV_;;
CITY_;;
PROV_;;
CITY_;;
PROV_;;
CITY_;;
PROV_;;
CITY_;;
PROV_;;
CITY_;;
PROV_;;
CITY_;;
PROV_;;
CITY_;;
PROV_;;
CITY_;;
PROV_;;
CITY_;;
PROV_;;
CITY_;;
PROV_;;
CITY_;;
PROV_;;
CITY_;;
PROV_;;
CITY_;;
PROV_;;
CITY_;;
PROV_;;
CITY_;;
PROV_;;
CITY_;;
PROV_;;
CITY_;;
PROV_;;
CITY_;;
PROV_;;
CITY_;;
PROV_;;
CITY_;;
PROV_;;
CITY_;;
PROV_;;
CITY_;;
PROV_;;
CITY_;;
PROV_;;
CITY_;;
PROV_;;
CITY_;;
PROV_;;
CITY_;;
PROV_;;
CITY_;;
PROV_;;
CITY_;;
PROV_;;
CITY_;;
PROV_;;
CITY_;;
PROV_;;
CITY_;;
PROV_;;
CITY_;;
PROV_;;
CITY_;;
PROV_;;
CITY_;;
PROV_;;
CITY_;;
PROV_;;
CITY_;;
PROV_;;
CITY_;;
PROV_;;
CITY_;;
PROV_;;
CITY_;;
PROV_;;
CITY_;;
PROV_;;
CITY_;;
PROV_;;
CITY_;;
PROV_;;
CITY_;;
PROV_;;
CITY_;;
PROV_;;
CITY_;;
PROV_;;
CITY_;;
PROV_;;
CITY_;;
PROV_;;
CITY_;;
PROV_;;
CITY_;;
PROV_;;
CITY_;;
PROV_;;
CITY_;;
PROV_;;
CITY_;;
PROV_;;
CITY_;;
PROV_;;
CITY_;;
PROV_;;
CITY_;;
PROV_;;
CITY_;;
PROV_;;
CITY_;;
PROV_;;
CITY_;;
PROV_;;
CITY_;;
PROV_;;
CITY_;;
PROV_;;
CITY_;;
PROV_;;
CITY_;;
PROV_;;
CITY_;;
PROV_;;
CITY_;;
PROV_;;
CITY_;;
PROV_;;
CITY_;;
PROV_;;
CITY_;;
PROV_;;
CITY_;;
PROV_;;
CITY_;;
PROV_;;
CITY_;;
PROV_;;
CITY_;;
PROV_;;
CITY_;;
PROV_;;
CITY_;;
PROV_;;
CITY_;;
PROV_;;
CITY_;;
PROV_;;
CITY_;;
PROV_;;
CITY_;;
PROV_;;
CITY_;;
PROV_;;
CITY_;;
PROV_;;
CITY_;;
PROV_;;
CITY_;;
PROV_;;
CITY_;;
PROV_;;
CITY_;;
PROV_;;
CITY_;;
PROV_;;
CITY_;;
PROV_;;
CITY_;;
PROV_;;
CITY_;;
PROV_;;
CITY_;;
PROV_;;
CITY_;;
PROV_;;
CITY_;;
PROV_;;
CITY_;;
PROV_;;
CITY_;;
PROV_;;
CITY_;;
PROV_;;
CITY_;;
PROV_;;
CITY_;;
PROV_;;
CITY_;;
PROV_;;
CITY_;;
PROV_;;
CITY_;;
PROV_;;
CITY_;;
PROV_;;
CITY_;;
PROV_;;
CITY_;;
PROV_;;
CITY_;;
PROV_;;
CITY_;;
PROV_;;
CITY_;;
PROV_;;
CITY_;;
PROV_;;
CITY_;;
PROV_;;
CITY_;;
PROV_;;
CITY_;;
PROV_;;
CITY_;;
PROV_;;
CITY_;;
PROV_;;
CITY_;;
PROV_;;
CITY_;;
PROV_;;
CITY_;;
PROV_;;
CITY_;;
PROV_;;
CITY_;;
PROV_;;
CITY_;;
PROV_;;
CITY_;;
PROV_;;
CITY_;;
PROV_;;
CITY_;;
PROV_;;
CITY_;;
PROV_;;
CITY_;;
PROV_;;
CITY_;;
PROV_;;
CITY_;;
PROV_;;
CITY_;;
PROV_;;
CITY_;;
PROV_;;
CITY_;;
PROV_;;
CITY_;;
PROV_;;
CITY_;;
PROV_;;
CITY_;;
PROV_;;
CITY_;;
PROV_;;
CITY_;;
PROV_;;
CITY_;;
PROV_;;
CITY_;;
PROV_;;
CITY_;;
PROV_;;
CITY_;;
PROV_;;
CITY_;;
PROV_;;
CITY_;;
PROV_;;
CITY_;;
PROV_;;
CITY_;;
PROV_;;
CITY_;;
PROV_;;
CITY_;;
PROV_;;
CITY_;;
PROV_;;
CITY_;;
PROV_;;
CITY_;;
PROV_;;
CITY_;;
PROV_;;
CITY_;;
PROV_;;
CITY_;;
PROV_;;
CITY_;;
PROV_;;
CITY_;;
PROV_;;
CITY_;;
PROV_;;
CITY_;;
PROV_;;
CITY_;;
PROV_;;
CITY_;;
PROV_;;
CITY_;;
PROV_;;
CITY_;;
PROV_;;
CITY_;;
PROV_;;
CITY_;;
PROV_;;
CITY_;;
PROV_;;
CITY_;;
PROV_;;
CITY_;;
PROV_;;
CITY_;;
PROV_;;
CITY_;;
PROV_;;
CITY_;;
PROV_;;
CITY_;;
PROV_;;
CITY_;;
PROV_;;
CITY_;;
PROV_;;
CITY_;;
PROV_;;
CITY_;;
PROV_;;
CITY_;;
PROV_;;
CITY_;;
PROV_;;
CITY_;;
PROV_;;
CITY_;;
PROV_;;
CITY_;;
PROV_;;
CITY_;;
PROV_;;
CITY_;;
PROV_;;
CITY_;;
PROV_;;
CITY_;;
PROV_;;
CITY_;;
PROV_;;
CITY_;;
PROV_;;
CITY_;;
PROV_;;
CITY_;;
PROV_;;
CITY_;;
PROV_;;
CITY_;;
PROV_;;
CITY_;;
PROV_;;
CITY_;;
PROV_;;
CITY_;;
PROV_;;
CITY_;;
PROV_;;
CITY_;;
PROV_;;
CITY_;;
PROV_;;
CITY_;;
PROV_;;
CITY_;;
PROV_;;
CITY_;;
PROV_;;
CITY_;;
PROV_;;
CITY_;;
PROV_;;
CITY_;;
PROV_;;
CITY_;;
PROV_;;
CITY_;;
PROV_;;
CITY_;;
PROV_;;
CITY_;;
PROV_;;
CITY_;;
PROV_;;
CITY_;;
PROV_;;
CITY_;;
PROV_;;
CITY_;;
PROV_;;
CITY_;;
PROV_;;
CITY_;;
PROV_;;
CITY_;;
PROV_;;
CITY_;;
PROV_;;
CITY_;;
PROV_;;
CITY_;;
PROV_;;
CITY_;;
PROV_;;
CITY_;;
PROV_;;
CITY_;;
PROV_;;
CITY_;;
PROV_;;
CITY_;;
PROV_;;
CITY_;;
PROV_;;
CITY_;;
PROV_;;
CITY_;;
PROV_;;
CITY_;;
PROV_;;
CITY_;;
PROV_;;
CITY_;;
PROV_;;
CITY_;;
PROV_;;
CITY_;;
PROV_;;
CITY_;;
PROV_;;
CITY_;;
PROV_;;
CITY_;;
PROV_;;
CITY_;;
PROV_;;
CITY_;;
PROV_;;
CITY_;;
PROV_;;
CITY_;;
PROV_;;
CITY_;;
PROV_;;
CITY_;;
PROV_;;
CITY_;;
PROV_;;
CITY_;;
PROV_;;
CITY_;;
PROV_;;
CITY_;;
PROV_;;
CITY_;;
PROV_;;
CITY_;;
PROV_;;
CITY_;;
PROV_;;
CITY_;;
PROV_;;
CITY_;;
PROV_;;
CITY_;;
PROV_;;
CITY_;;
PROV_;;
CITY_;;
PROV_;;
CITY_;;
PROV_;;
CITY_;;
PROV_;;
CITY_;;
PROV_;;
CITY_;;
PROV_;;
CITY_;;
PROV_;;
CITY_;;
PROV_;;
CITY_;;
PROV_;;
CITY_;;
PROV_;;
CITY_;;
PROV_;;
CITY_;;
PROV_;;
CITY_;;
PROV_;;
CITY_;;
PROV_;;
CITY_;;
PROV_;;
CITY_;;
PROV_;;
CITY_;;
PROV_;;
CITY_;;
PROV_;;
CITY_;;
PROV_;;
CITY_;;
PROV_;;
CITY_;;
PROV_;;
CITY_;;
PROV_;;
CITY_;;
PROV_;;
CITY_;;
PROV_;;
CITY_;;
PROV_;;
CITY_;;
PROV_;;
CITY_;;
PROV_;;
CITY_;;
PROV_;;
CITY_;;
PROV_;;
CITY_;;
PROV_;;
CITY_;;
PROV_;;
CITY_;;
PROV_;;
CITY_;;
PROV_;;
CITY_;;
PROV_;;
CITY_;;
PROV_;;
CITY_;;
PROV_;;
CITY_;;
PROV_;;
CITY_;;
PROV_;;
CITY_;;
PROV_;;
CITY_;;
PROV_;;
CITY_;;
PROV_;;
CITY_;;
#;
#-----------------------------------------------------------------------------------------------;
#EOF;
